"","term","estimate","std.error","statistic","p.value","conf.low","conf.high","campaign","model"
"1","(Intercept)",2.42382939622113,0.00520009784741691,170.256158751531,0,2.39926841061807,2.44867712359692,"a_2023","fit_agr"
"2","age_group65-74",0.561644777020434,0.00652685517204774,-88.3864714445874,0,0.554503511008215,0.568873439629921,"a_2023","fit_agr"
"3","age_group85-94",0.730426079911622,0.0101452707701286,-30.9629236237368,1.70221043901327e-210,0.716051197549635,0.745101585715442,"a_2023","fit_agr"
"4","age_group>=95",0.53569219046205,0.0314248327599184,-19.8631305109301,8.48530632173629e-88,0.503730419099825,0.56977035018436,"a_2023","fit_agr"
"5","age_group<=34",0.21613229457198,0.0598955669858158,-25.5755920012686,2.85150657749014e-144,0.192049855095695,0.242890270858577,"a_2023","fit_agr"
"6","age_group35-44",0.219532815540321,0.0516585866720552,-29.3514332078832,2.29097332544544e-189,0.198287639782806,0.242805373393876,"a_2023","fit_agr"
"7","age_group45-54",0.299224367164525,0.0361381414578035,-33.3874833200509,2.08313496917599e-244,0.278725972323322,0.321148018928342,"a_2023","fit_agr"
"8","age_group55-64",0.393566894759524,0.0260327362803755,-35.8204460776188,5.30762508484977e-281,0.37398497909165,0.414166061962194,"a_2023","fit_agr"
"9","(Intercept)",2.31060255457927,0.0058242995997711,143.795545251551,0,2.28439152426975,2.33714614654677,"a_2023","fit_agr_sex"
"10","age_group65-74",0.55993991808824,0.00653157000911081,-88.788115158843,0,0.552815208331619,0.567151866662259,"a_2023","fit_agr_sex"
"11","age_group85-94",0.735620466266414,0.0101554776861303,-30.2340247874508,8.46234206828405e-201,0.721128951989991,0.750415369663498,"a_2023","fit_agr_sex"
"12","age_group>=95",0.546558240204644,0.0314520566274063,-19.2074691569409,3.20515004798099e-82,0.51392072279159,0.581358643589743,"a_2023","fit_agr_sex"
"13","age_group<=34",0.21578776476084,0.0599144912802538,-25.5941407850009,1.77279346737697e-144,0.191736688833631,0.242512178077255,"a_2023","fit_agr_sex"
"14","age_group35-44",0.221367707535333,0.0516755316098325,-29.1807375391561,3.404913739082e-187,0.199938398927462,0.244843000533305,"a_2023","fit_agr_sex"
"15","age_group45-54",0.301817281149717,0.0361522178925224,-33.135822470928,9.06414936721243e-241,0.281133546437855,0.323939894860043,"a_2023","fit_agr_sex"
"16","age_group55-64",0.394501075740012,0.0260417490636128,-35.7170100051164,2.15251805179859e-279,0.374866065847284,0.415156478116895,"a_2023","fit_agr_sex"
"17","sexMale",1.11132550361862,0.00585199479591047,18.03717432819,9.9503353338871e-73,1.09865261982622,1.1241463644188,"a_2023","fit_agr_sex"
"18","(Intercept)",2.42663771621952,0.00669328892342547,132.447090433728,0,2.39502844885424,2.45869907707987,"a_2023","fit_agr_sex_eth"
"19","age_group65-74",0.560174343759591,0.00653613376465185,-88.662080127155,0,0.553041705380414,0.567394388115637,"a_2023","fit_agr_sex_eth"
"20","age_group85-94",0.737363864254871,0.0101611358817287,-29.9842263890844,1.5758191471815e-197,0.722829996259566,0.752202180031048,"a_2023","fit_agr_sex_eth"
"21","age_group>=95",0.549774380910243,0.0314677882256468,-19.0114188246852,1.37191223464087e-80,0.516928900525857,0.584797615797632,"a_2023","fit_agr_sex_eth"
"22","age_group<=34",0.216317189077471,0.0599757672686038,-25.5271345447691,9.85414579935747e-144,0.192184517312289,0.243136972159159,"a_2023","fit_agr_sex_eth"
"23","age_group35-44",0.222122462838274,0.0517451834821624,-29.0756803542148,7.28895664899059e-186,0.200593204858591,0.245711930422039,"a_2023","fit_agr_sex_eth"
"24","age_group45-54",0.302617328165349,0.0362010276847777,-33.0180188643961,4.47851891228844e-239,0.281852062238735,0.324829948000659,"a_2023","fit_agr_sex_eth"
"25","age_group55-64",0.393728366093924,0.026061261782145,-35.7654990536125,3.7992719611374e-280,0.37411754811027,0.414359199152007,"a_2023","fit_agr_sex_eth"
"26","ethnicityblack",0.506893292719589,0.101796710407144,-6.67462399161644,2.47866840645012e-11,0.414879777174572,0.618522245825729,"a_2023","fit_agr_sex_eth"
"27","ethnicityasian",0.47318207698372,0.0416217797868917,-17.9779679682893,2.89924914328317e-72,0.436050387827079,0.513337170541456,"a_2023","fit_agr_sex_eth"
"28","ethnicitymissing",0.920287626951259,0.00587160389297383,-14.1475857915123,1.93279423056198e-45,0.909756741424291,0.930938796692632,"a_2023","fit_agr_sex_eth"
"29","sexMale",1.1118723367233,0.00585515477584733,18.1114570310378,2.58806932151574e-73,1.09918641435508,1.12470647711934,"a_2023","fit_agr_sex_eth"
"30","(Intercept)",2.74980336168425,0.00656854035620478,153.996070576667,0,2.71465011538385,2.78545529007561,"a_2023","fit_agr_sex_reg"
"31","age_group65-74",0.553361048245958,0.00656462770686734,-90.1413799511367,0,0.546284602543861,0.560524527620648,"a_2023","fit_agr_sex_reg"
"32","age_group85-94",0.733756829288459,0.0101969683752132,-30.3597686208253,1.86716593683723e-202,0.71924347043298,0.748575054995661,"a_2023","fit_agr_sex_reg"
"33","age_group>=95",0.547903437488781,0.0315852003666125,-19.0486749977629,6.73863134587681e-81,0.515050958817996,0.582941296678236,"a_2023","fit_agr_sex_reg"
"34","age_group<=34",0.20492996746891,0.0601796219033202,-26.3392645247789,6.81279852541026e-153,0.181995937513417,0.230431104264156,"a_2023","fit_agr_sex_reg"
"35","age_group35-44",0.215702342062425,0.0519232446304187,-29.5408324075587,8.61272468771838e-192,0.194728073387879,0.23869403044264,"a_2023","fit_agr_sex_reg"
"36","age_group45-54",0.295472217778515,0.036333550684516,-33.5552248887553,7.55409039453076e-247,0.275125982706483,0.317242960836918,"a_2023","fit_agr_sex_reg"
"37","age_group55-64",0.386267197693347,0.0261820919954979,-36.3311658652992,5.21251178056181e-289,0.366941141357433,0.406603383492842,"a_2023","fit_agr_sex_reg"
"38","regionWales",0.740879575032766,0.00635662988838805,-47.1817911352822,0,0.731706444356812,0.750167837117532,"a_2023","fit_agr_sex_reg"
"39","regionNorthern Ireland",0.580770073424558,0.00982955696458052,-55.2822823276799,0,0.569689397069689,0.592068668020807,"a_2023","fit_agr_sex_reg"
"40","regionEngland",0.710954949581548,0.021843280171836,-15.6179021902346,5.49851462316963e-55,0.681191767709363,0.742090184280494,"a_2023","fit_agr_sex_reg"
"41","sexMale",1.11410852039975,0.00587672642345575,18.3868609928545,1.67395544360559e-75,1.10135053502489,1.12701613962811,"a_2023","fit_agr_sex_reg"
"42","(Intercept)",2.14299108473077,0.00720716378639578,105.756241829815,0,2.1129464944136,2.17349189929158,"a_2023","fit_agr_sex_imd"
"43","age_group65-74",0.559031108169727,0.006535733297178,-88.9800931670542,0,0.551913451906879,0.566235965022922,"a_2023","fit_agr_sex_imd"
"44","age_group85-94",0.735357177210362,0.0101594566683426,-30.2574195111243,4.1672812997538e-201,0.720865220188625,0.750152627629025,"a_2023","fit_agr_sex_imd"
"45","age_group>=95",0.546923744178973,0.0314649999925158,-19.1783217471112,5.6164097012062e-82,0.514251326962428,0.581762140756203,"a_2023","fit_agr_sex_imd"
"46","age_group<=34",0.214349898352209,0.0599381558254333,-25.6955780327635,1.3097733933884e-145,0.190450354236254,0.240907528013912,"a_2023","fit_agr_sex_imd"
"47","age_group35-44",0.220721743470674,0.0516967316475578,-29.2252992005211,9.25299528909021e-188,0.199346766496099,0.244138769100139,"a_2023","fit_agr_sex_imd"
"48","age_group45-54",0.300386413849397,0.0361688720189069,-33.2519517432675,1.91293353170299e-242,0.279791629166102,0.322414694378466,"a_2023","fit_agr_sex_imd"
"49","age_group55-64",0.393894316644835,0.02605433132734,-35.7588389364289,4.82193663538371e-280,0.374280275092658,0.414528168885087,"a_2023","fit_agr_sex_imd"
"50","imdQ1",1.0951823276187,0.00981984542090399,9.25888898969961,2.06570367048961e-20,1.07431291924115,1.11647291388803,"a_2023","fit_agr_sex_imd"
"51","imdQ2",1.1166989689956,0.00905696458950351,12.1869731429827,3.64717813027789e-34,1.09705637027935,1.13670452466159,"a_2023","fit_agr_sex_imd"
"52","imdQ4",1.15590426413449,0.00763239189122579,18.982640356113,2.37362325982129e-80,1.13874301963768,1.1733272473647,"a_2023","fit_agr_sex_imd"
"53","imdQ5",1.06246044213329,0.00933554278870784,6.48996973836969,8.58536171207045e-11,1.04320230613168,1.08208515846091,"a_2023","fit_agr_sex_imd"
"54","sexMale",1.11158136325091,0.0058542869461613,18.0694342489923,5.54796925177988e-73,1.09890062673513,1.12441022921437,"a_2023","fit_agr_sex_imd"
"55","(Intercept)",2.31042509407016,0.00585260273569133,143.087027913837,0,2.28408935396544,2.3370962760541,"a_2023","fit_agr_sex_immuno"
"56","age_group65-74",0.559948756089479,0.00653263610799952,-88.7712091773961,0,0.552822778628273,0.567162003477139,"a_2023","fit_agr_sex_immuno"
"57","age_group85-94",0.735630296923871,0.0101559701618718,-30.2312428575241,9.20570003771861e-201,0.721137892291922,0.750426121718733,"a_2023","fit_agr_sex_immuno"
"58","age_group>=95",0.546581738405809,0.0314537032081207,-19.205096820519,3.35497905927556e-82,0.513941155297983,0.581385509037043,"a_2023","fit_agr_sex_immuno"
"59","age_group<=34",0.215302951024484,0.0622370853789324,-24.6751459967271,1.97736254793797e-134,0.190446737677267,0.243082159504527,"a_2023","fit_agr_sex_immuno"
"60","age_group35-44",0.220870251469101,0.0543524595648185,-27.7849403576202,6.59580469187727e-170,0.198454430683013,0.24558800856309,"a_2023","fit_agr_sex_immuno"
"61","age_group45-54",0.301139032127761,0.0398850630114125,-30.0910448549745,6.34598888643206e-199,0.278461165296494,0.32558899741924,"a_2023","fit_agr_sex_immuno"
"62","age_group55-64",0.393614661290184,0.0310150666728484,-30.0622557133222,1.50994599030617e-198,0.370391074359036,0.418275138098969,"a_2023","fit_agr_sex_immuno"
"63","immunosuppressed1",1.00233115952036,0.0174364882383319,0.133538735068036,0.893767332422131,0.968701480042243,1.03722877093699,"a_2023","fit_agr_sex_immuno"
"64","sexMale",1.11131986338232,0.00585211838803534,18.0359261478758,1.01775865276846e-72,1.09864677768018,1.12414093132348,"a_2023","fit_agr_sex_immuno"
"65","(Intercept)",2.69385162648299,0.00876599474740135,113.047295769905,0,2.64798506132128,2.74055687897924,"a_2023","fit_all"
"66","age_group65-74",0.553615594324432,0.0065709107898276,-89.985197645985,0,0.546529164552297,0.560789276310199,"a_2023","fit_all"
"67","age_group85-94",0.734304620996532,0.0102034060708167,-30.2674733650142,3.07307331709891e-201,0.719771341811765,0.749143358222816,"a_2023","fit_all"
"68","age_group>=95",0.549003134062773,0.0316023894503655,-18.974866750356,2.75208357661395e-80,0.516067342112546,0.584131002300345,"a_2023","fit_all"
"69","age_group<=34",0.207721642763178,0.0625655251176649,-25.1185672706447,3.11783766291313e-139,0.183624138518322,0.23467571940747,"a_2023","fit_all"
"70","age_group35-44",0.219048201542649,0.0546806694721356,-27.7696577176922,1.00894772176721e-169,0.196692235179083,0.243720530348906,"a_2023","fit_all"
"71","age_group45-54",0.299253542322609,0.0401229137890385,-30.0692044357045,1.22498042161709e-198,0.276589288238516,0.323701934176904,"a_2023","fit_all"
"72","age_group55-64",0.389222761919053,0.0311867173815796,-30.2565811904217,4.27445484647827e-201,0.366135240972781,0.413747394984894,"a_2023","fit_all"
"73","immunosuppressed1",0.992779193711112,0.017518216724679,-0.413683801600853,0.679105691594497,0.959315990917564,1.02750845581959,"a_2023","fit_all"
"74","imdQ1",0.978446881968364,0.0100619590133676,-2.16546089615198,0.0303524069035976,0.959345666906996,0.997940587537537,"a_2023","fit_all"
"75","imdQ2",1.07129456162616,0.00917228841080303,7.50824491820629,5.99253144011135e-14,1.05221235417629,1.09073279292342,"a_2023","fit_all"
"76","imdQ4",1.08196920741544,0.0077919632092173,10.1107665620807,4.94954729778201e-24,1.06557177360748,1.09862073696748,"a_2023","fit_all"
"77","imdQ5",1.03519219291873,0.0095717394176678,3.6134605854232,0.000302137301998338,1.01595764810033,1.05480118652868,"a_2023","fit_all"
"78","regionWales",0.750434371854111,0.00658010023098641,-43.6320219375215,0,0.74081838499521,0.760175293484543,"a_2023","fit_all"
"79","regionNorthern Ireland",0.579952003754656,0.010051777517271,-54.2003571086674,0,0.568639115293036,0.591492142019964,"a_2023","fit_all"
"80","regionEngland",0.721275891437465,0.0222632277937226,-14.6759296012498,9.19467457792984e-49,0.690511693022917,0.753482558500079,"a_2023","fit_all"
"81","ethnicityblack",0.528373236351848,0.102214277778901,-6.24132334381666,4.33884274047003e-10,0.432106490898399,0.645257584929599,"a_2023","fit_all"
"82","ethnicityasian",0.478697875779144,0.0418497515970676,-17.6031061585423,2.33177537614391e-69,0.440937278113154,0.519554160289572,"a_2023","fit_all"
"83","ethnicitymissing",0.973518909625777,0.00607565556913418,-4.41730603085067,9.9938685656518e-06,0.961994454945243,0.98518047578588,"a_2023","fit_all"
"84","sexMale",1.11475587790165,0.00588008427286623,18.4751497280023,3.27317956215594e-76,1.10198323259451,1.12767842459245,"a_2023","fit_all"
"85","(Intercept)",1.52562986303838,0.0047832158785626,88.3103251986589,0,1.51139861114346,1.5400045198609,"s_2024","fit_agr"
"86","age_group65-74",0.408024041225723,0.0249715884717076,-35.8979639103355,3.28656629891045e-282,0.38850031728461,0.42845482242482,"s_2024","fit_agr"
"87","age_group85-94",1.0395863985479,0.00965239531852381,4.022104261905,5.7680513520585e-05,1.02011103746115,1.05944831081958,"s_2024","fit_agr"
"88","age_group>=95",0.753816211558942,0.0292448603657848,-9.66346525166077,4.31031942788206e-22,0.711846463927513,0.798318207941844,"s_2024","fit_agr"
"89","age_group<=34",0.16886606960576,0.0744230068646354,-23.8991871024279,3.12292683215718e-126,0.145632658141635,0.194993016098103,"s_2024","fit_agr"
"90","age_group35-44",0.168776113249974,0.0630654204704218,-28.2116919659756,4.20312842640602e-175,0.148923737859784,0.190706060536042,"s_2024","fit_agr"
"91","age_group45-54",0.2355864034382,0.0417571329670426,-34.6210919311728,1.21677523469302e-262,0.216959348639652,0.255550210455097,"s_2024","fit_agr"
"92","age_group55-64",0.304509561155691,0.0283545776284278,-41.9351262565426,0,0.287996129243004,0.321855250726327,"s_2024","fit_agr"
"93","(Intercept)",1.38444240277174,0.00601158560682902,54.1117572922872,0,1.36823020053039,1.40085550293989,"s_2024","fit_agr_sex"
"94","age_group65-74",0.405209321070604,0.0250076423737417,-36.1230175056962,9.87151387680764e-286,0.385793060724786,0.425529272137998,"s_2024","fit_agr_sex"
"95","age_group85-94",1.05414332034063,0.00967940015970187,5.44748822838851,5.10860950866599e-08,1.03434067070559,1.0743403845225,"s_2024","fit_agr_sex"
"96","age_group>=95",0.783215824624625,0.0293123737430861,-8.33596709102991,7.68672992333038e-17,0.73951154355897,0.829563382679261,"s_2024","fit_agr_sex"
"97","age_group<=34",0.167673977639637,0.0744932815956114,-23.9717429013598,5.48314113028597e-127,0.144585226336214,0.193643869615439,"s_2024","fit_agr_sex"
"98","age_group35-44",0.171826267628732,0.0631230154926523,-27.9022060466376,2.50859363465009e-171,0.151598429655606,0.194174983559535,"s_2024","fit_agr_sex"
"99","age_group45-54",0.239249804165143,0.0418037441548375,-34.2133724167957,1.52973931090333e-256,0.220313245780343,0.259548076685617,"s_2024","fit_agr_sex"
"100","age_group55-64",0.305985198456803,0.0283891447875466,-41.7137803240678,0,0.28937226756605,0.323436996937431,"s_2024","fit_agr_sex"
"101","sexMale",1.23738785225283,0.00806856694272712,26.3990605052743,1.40462712891756e-153,1.21797614831013,1.25711427910022,"s_2024","fit_agr_sex"
"102","(Intercept)",1.38892303218115,0.00747472567703757,43.9519340287697,0,1.36872880597013,1.4094265334172,"s_2024","fit_agr_sex_eth"
"103","age_group65-74",0.40526284539951,0.025016027231295,-36.1056299246945,1.85056238204509e-285,0.385837723924344,0.425592522865198,"s_2024","fit_agr_sex_eth"
"104","age_group85-94",1.0543189373009,0.00968592853083932,5.46101504230371,4.73419928911469e-08,1.03449975019162,1.07453311379832,"s_2024","fit_agr_sex_eth"
"105","age_group>=95",0.783011686011608,0.029325149827746,-8.34122450783382,7.35251508811511e-17,0.739300318847168,0.829367964983401,"s_2024","fit_agr_sex_eth"
"106","age_group<=34",0.168995474251301,0.0745383767059824,-23.8519192738611,9.67252195663214e-126,0.145712368830095,0.195187958234569,"s_2024","fit_agr_sex_eth"
"107","age_group35-44",0.173545769684907,0.0631757045512536,-27.721319842909,3.86438899345566e-169,0.15310020727353,0.196139041524631,"s_2024","fit_agr_sex_eth"
"108","age_group45-54",0.242290067414297,0.0418570111265419,-33.8681527125539,1.96175185053979e-251,0.223090060865385,0.262874285724332,"s_2024","fit_agr_sex_eth"
"109","age_group55-64",0.306749449900332,0.0284028371167096,-41.6058432420984,0,0.290087325348256,0.324253633054545,"s_2024","fit_agr_sex_eth"
"110","ethnicityblack",0.485583217297158,0.172341251541848,-4.19171030804606,2.76859375927779e-05,0.344777795809672,0.678524390653136,"s_2024","fit_agr_sex_eth"
"111","ethnicityasian",0.45788150833936,0.068154742900559,-11.4613423881083,2.06292341407463e-30,0.400350391518704,0.523006080692546,"s_2024","fit_agr_sex_eth"
"112","ethnicitymissing",0.999081160215344,0.0080516927237713,-0.114170051966453,0.909102991715557,0.98343737646228,1.01497175912952,"s_2024","fit_agr_sex_eth"
"113","sexMale",1.23802878790053,0.00807112435202511,26.4548553874054,3.20836892255694e-154,1.21860093369108,1.25777175024109,"s_2024","fit_agr_sex_eth"
"114","(Intercept)",1.74053060947074,0.00721090776891231,76.8544034220171,0,1.7161154299224,1.76531578743209,"s_2024","fit_agr_sex_reg"
"115","age_group65-74",0.390776311547785,0.025220286949822,-37.2565140833714,8.31125107254274e-304,0.37189706483474,0.410544037477533,"s_2024","fit_agr_sex_reg"
"116","age_group85-94",1.05530821808435,0.00975765814126975,5.51698710122664,3.4486073499766e-08,1.03532481198827,1.07569252377688,"s_2024","fit_agr_sex_reg"
"117","age_group>=95",0.791049623472602,0.0295593954719883,-7.92961338785234,2.19829166445158e-15,0.746546704458197,0.838266400332101,"s_2024","fit_agr_sex_reg"
"118","age_group<=34",0.154469107085187,0.0748815010696481,-24.9428915032271,2.55042067949535e-137,0.133100567494131,0.178533752711324,"s_2024","fit_agr_sex_reg"
"119","age_group35-44",0.162793141441025,0.0634917282547783,-28.5907315006055,8.76055533316803e-180,0.143527658170802,0.184103327831032,"s_2024","fit_agr_sex_reg"
"120","age_group45-54",0.231384406481333,0.0420986725848542,-34.7677198435212,7.48253620837581e-265,0.212948902616964,0.251162367204793,"s_2024","fit_agr_sex_reg"
"121","age_group55-64",0.293002215919125,0.0286203845136545,-42.8916357341075,0,0.276969370327929,0.309854740841931,"s_2024","fit_agr_sex_reg"
"122","regionWales",0.646122314853324,0.00873083504393392,-50.0257362607825,0,0.635158911063136,0.657273048850427,"s_2024","fit_agr_sex_reg"
"123","regionNorthern Ireland",0.488667585104742,0.0136882174158908,-52.3130794880914,0,0.475728648209553,0.501952203742763,"s_2024","fit_agr_sex_reg"
"124","regionEngland",0.941305550941252,0.0301357908993488,-2.00716429003931,0.0447321725735494,0.887437390186645,0.998721142636664,"s_2024","fit_agr_sex_reg"
"125","sexMale",1.2455186620662,0.00813465328444129,26.9897230434721,1.95116039903529e-160,1.2258207582967,1.26553877209167,"s_2024","fit_agr_sex_reg"
"126","(Intercept)",1.3349550418681,0.00841122793585931,34.3466634104881,1.57959447897833e-258,1.31313355819996,1.35715126030272,"s_2024","fit_agr_sex_imd"
"127","age_group65-74",0.406426895545522,0.0250466936737041,-35.9469084683564,5.65681079161751e-283,0.386922741381602,0.426840636892664,"s_2024","fit_agr_sex_imd"
"128","age_group85-94",1.05309213345127,0.00969436594258075,5.33616389000867,9.49336003928837e-08,1.03327888015372,1.07330049708177,"s_2024","fit_agr_sex_imd"
"129","age_group>=95",0.779480583342153,0.0293656906453136,-8.48362474841944,2.18284952249423e-17,0.735907550706873,0.825693049036752,"s_2024","fit_agr_sex_imd"
"130","age_group<=34",0.167081719855055,0.0745797504783393,-23.9913949071688,3.41977776039287e-127,0.144050727538246,0.192993362598798,"s_2024","fit_agr_sex_imd"
"131","age_group35-44",0.17196176587851,0.0631988414168778,-27.856256203661,9.04681303393736e-171,0.151695906223025,0.1943575628531,"s_2024","fit_agr_sex_imd"
"132","age_group45-54",0.239583895270089,0.0418606391435411,-34.1335359254004,2.34698882049313e-255,0.220596546104188,0.259939777131356,"s_2024","fit_agr_sex_imd"
"133","age_group55-64",0.306655296595476,0.0284332802665335,-41.5720931082608,0,0.289981015908523,0.324173479379139,"s_2024","fit_agr_sex_imd"
"134","imdQ1",1.37905612416902,0.0136527704907781,23.5409580333843,1.5537932804925e-122,1.34266726942444,1.4164820571295,"s_2024","fit_agr_sex_imd"
"135","imdQ2",0.974304579220013,0.0124119511978478,-2.09727819072661,0.0359689563198477,0.950893178600324,0.998302059554618,"s_2024","fit_agr_sex_imd"
"136","imdQ4",1.04964623650451,0.0104199048909684,4.65006065719326,3.31837418740466e-06,1.02842836504546,1.07130459646797,"s_2024","fit_agr_sex_imd"
"137","imdQ5",0.918899083650361,0.0128643889069418,-6.57465926381508,4.87647088689949e-11,0.896023649506345,0.942366750546888,"s_2024","fit_agr_sex_imd"
"138","sexMale",1.23690168815246,0.0080807370899139,26.3106709026092,1.44777389703185e-152,1.21746856484514,1.2566503349756,"s_2024","fit_agr_sex_imd"
"139","(Intercept)",1.38766788189437,0.00605733831094035,54.0872142946364,0,1.37129496635889,1.40424517377516,"s_2024","fit_agr_sex_immuno"
"140","age_group65-74",0.434752162801565,0.0335219536378005,-24.8487650792558,2.66658126401743e-136,0.407075010298486,0.46424114989421,"s_2024","fit_agr_sex_immuno"
"141","age_group85-94",1.05376550810581,0.00968024471777592,5.40998175315788,6.30311709121356e-08,1.03396823775007,1.07395710443476,"s_2024","fit_agr_sex_immuno"
"142","age_group>=95",0.782273214306806,0.029315204464286,-8.37624110197202,5.46449111001453e-17,0.738617421623709,0.828569574026789,"s_2024","fit_agr_sex_immuno"
"143","age_group<=34",0.179898005730291,0.0777660783426834,-22.0580137262794,8.00201303097008e-108,0.154160387555273,0.209131897014515,"s_2024","fit_agr_sex_immuno"
"144","age_group35-44",0.18436103241502,0.0669585808808457,-25.2523170131062,1.06810323945854e-140,0.161465584364531,0.209944662577699,"s_2024","fit_agr_sex_immuno"
"145","age_group45-54",0.256702306216057,0.0473965310807812,-28.6906694656014,4.98817520156914e-181,0.233831438393844,0.281578100933824,"s_2024","fit_agr_sex_immuno"
"146","age_group55-64",0.328300108152051,0.0361187152082767,-30.8379497615367,8.1264605439745e-209,0.305821441484918,0.352337197541406,"s_2024","fit_agr_sex_immuno"
"147","immunosuppressed1",0.92971155592772,0.0231247336323058,-3.151642609947,0.00162354858456544,0.88856374604183,0.9728765731846,"s_2024","fit_agr_sex_immuno"
"148","sexMale",1.23784191802332,0.00806960333825849,26.4411354246621,4.61423216290492e-154,1.2184206229139,1.25757814541733,"s_2024","fit_agr_sex_immuno"
"149","(Intercept)",1.73753260256104,0.0107567437482131,51.3599724299883,0,1.7012978208005,1.77456833254323,"s_2024","fit_all"
"150","age_group65-74",0.424449435113052,0.0338411383349901,-25.3230960549884,1.77862321278813e-141,0.397179986690524,0.453523615147275,"s_2024","fit_all"
"151","age_group85-94",1.05186580497236,0.00977554415674309,5.17265776254413,2.30787494829121e-07,1.03191133596032,1.07222112897363,"s_2024","fit_all"
"152","age_group>=95",0.782722770526957,0.029617060787981,-8.27147258362304,1.32314458317721e-16,0.738604547674213,0.829535945828228,"s_2024","fit_all"
"153","age_group<=34",0.168829844720493,0.0782984125451295,-22.719029025103,2.90559550009549e-114,0.144529011652627,0.196475436233677,"s_2024","fit_all"
"154","age_group35-44",0.17902834962326,0.067471468931473,-25.49538545908,2.21778081769146e-143,0.156641061460004,0.204081326465676,"s_2024","fit_all"
"155","age_group45-54",0.255023968988347,0.0478369778922829,-28.5636301123604,1.90237199393488e-179,0.232104122581146,0.279980962744366,"s_2024","fit_all"
"156","age_group55-64",0.318814039019238,0.0364593999934006,-31.3539799384645,8.58660891634926e-216,0.296787241529272,0.342385795846656,"s_2024","fit_all"
"157","immunosuppressed1",0.923292129271278,0.0233449209893509,-3.41871342545877,0.000629179533663255,0.882046971956324,0.966575281341312,"s_2024","fit_all"
"158","imdQ1",1.17062124502363,0.0140200940276285,11.2363430824793,2.70350896081453e-29,1.13890893206846,1.20325315489106,"s_2024","fit_all"
"159","imdQ2",0.910840343164009,0.0126369977238235,-7.39001886422402,1.46807984125031e-13,0.888560872574861,0.933685348797414,"s_2024","fit_all"
"160","imdQ4",0.953602355537921,0.0106798325148193,-4.44843235651485,8.64992807146907e-06,0.933848642450218,0.973773429366658,"s_2024","fit_all"
"161","imdQ5",0.857260069437361,0.0132459083976902,-11.6272842054611,2.99474281124596e-31,0.83529320523296,0.879810084853998,"s_2024","fit_all"
"162","regionWales",0.634992646696816,0.00906111855685376,-50.1198452831189,0,0.623813788676787,0.646369240426202,"s_2024","fit_all"
"163","regionNorthern Ireland",0.501261412409076,0.0139682730041573,-49.4425855305513,0,0.487721184918054,0.515171039392514,"s_2024","fit_all"
"164","regionEngland",1.06647971893669,0.0307578252592267,2.09258105011717,0.0363865696374744,1.00422083253307,1.1329077619817,"s_2024","fit_all"
"165","ethnicityblack",0.516977749433668,0.174027695753805,-3.79109451738713,0.000149984858570124,0.365892313122894,0.724828052297417,"s_2024","fit_all"
"166","ethnicityasian",0.446709468525934,0.0688010894262911,-11.7127048562434,1.09722455859437e-31,0.390091655819159,0.510895990067917,"s_2024","fit_all"
"167","ethnicitymissing",1.0716395009993,0.00836892813374644,8.26745296466522,1.36851205299053e-16,1.05420495275389,1.08936237085384,"s_2024","fit_all"
"168","sexMale",1.24594221980428,0.00814709247830645,26.990248033492,1.92367111738642e-160,1.22620773409355,1.26600001718722,"s_2024","fit_all"
"169","(Intercept)",1.79921344061861,0.00505974281889591,116.082894524216,0,1.78146728796371,1.81715340653991,"a_2024","fit_agr"
"170","age_group65-74",0.762789239550884,0.00650328139124555,-41.6364440625598,0,0.753126630093824,0.772572460900912,"a_2024","fit_agr"
"171","age_group85-94",0.959396807052573,0.010287798331965,-4.02909511336999,5.59919624144147e-05,0.94025415572296,0.978947306775918,"a_2024","fit_agr"
"172","age_group>=95",0.799976205027683,0.0328666621607811,-6.79026347063213,1.11928944810762e-11,0.750153648783512,0.853310544779946,"a_2024","fit_agr"
"173","age_group<=34",0.195999445262714,0.0696883581833321,-23.3847301404451,6.11227713477742e-121,0.170714570591383,0.224366245607407,"a_2024","fit_agr"
"174","age_group35-44",0.191554549228426,0.0584907661054734,-28.2537359072438,1.28060044501814e-175,0.170621162517256,0.214603512029994,"a_2024","fit_agr"
"175","age_group45-54",0.283093591283746,0.0395497067389786,-31.9086493634621,2.02561915588454e-223,0.261893071491613,0.305817218103025,"a_2024","fit_agr"
"176","age_group55-64",0.397421340448894,0.0271033316233255,-34.0459343875911,4.6619164321973e-254,0.376832031725498,0.419074354253176,"a_2024","fit_agr"
"177","(Intercept)",1.68226949195483,0.00572417690248635,90.8678712618436,0,1.66350830959003,1.7012567091071,"a_2024","fit_agr_sex"
"178","age_group65-74",0.759889488433663,0.0065095761783928,-42.1812816542402,0,0.750254332423664,0.769644991192376,"a_2024","fit_agr_sex"
"179","age_group85-94",0.968778126045093,0.0103013519650667,-3.07917499632422,0.00207574714330553,0.949423114236981,0.988546103628873,"a_2024","fit_agr_sex"
"180","age_group>=95",0.82186250787902,0.0329012670664983,-5.96275404451276,2.48021612749481e-09,0.77062453633714,0.876715361982881,"a_2024","fit_agr_sex"
"181","age_group<=34",0.195194915435113,0.069725492440369,-23.4312673333285,2.0523304301422e-121,0.170001724361407,0.223461867658376,"a_2024","fit_agr_sex"
"182","age_group35-44",0.193595414523604,0.0585208415577094,-28.058119911227,3.17986570941416e-173,0.172429030546998,0.216902964993904,"a_2024","fit_agr_sex"
"183","age_group45-54",0.286163200514397,0.0395743685581967,-31.6162467103211,2.20813206996712e-219,0.264720125988137,0.309148296909944,"a_2024","fit_agr_sex"
"184","age_group55-64",0.398364570704043,0.0271210750675254,-33.9362537764548,1.94573848352564e-252,0.377713299636954,0.420083624039309,"a_2024","fit_agr_sex"
"185","sexMale",1.15921009132269,0.00594053229001598,24.8696261873013,1.58624626254467e-136,1.14579237579432,1.17278693045492,"a_2024","fit_agr_sex"
"186","(Intercept)",1.58152721515446,0.00657861725625056,69.6789240359205,0,1.56127214588686,1.60205747400627,"a_2024","fit_agr_sex_eth"
"187","age_group65-74",0.762667327127952,0.00651590141047853,-41.5803328033455,0,0.752987634148769,0.772468089230494,"a_2024","fit_agr_sex_eth"
"188","age_group85-94",0.964467414010943,0.0103104516317643,-3.508986208258,0.000449818229597898,0.9451816256435,0.984164940357875,"a_2024","fit_agr_sex_eth"
"189","age_group>=95",0.813971465620949,0.032923106821722,-6.2518391483618,4.0564707157881e-10,0.763192678507895,0.868334690310327,"a_2024","fit_agr_sex_eth"
"190","age_group<=34",0.19781617994131,0.0697959716388211,-23.2164840690687,3.10358892572265e-119,0.172261560688632,0.226494889982674,"a_2024","fit_agr_sex_eth"
"191","age_group35-44",0.197444482584028,0.0585883656518062,-27.6897608757168,9.27477137057965e-169,0.175834584143495,0.221245437563267,"a_2024","fit_agr_sex_eth"
"192","age_group45-54",0.292404877855152,0.0396470174125042,-31.0140825051493,3.48172592295491e-211,0.270456175315113,0.31593698129793,"a_2024","fit_agr_sex_eth"
"193","age_group55-64",0.402126208069375,0.0271518546707345,-33.5516413247384,8.52017328294601e-247,0.381257104586389,0.424076117527417,"a_2024","fit_agr_sex_eth"
"194","ethnicityblack",0.367977030356084,0.109742863856385,-9.10979288439391,8.25393902123142e-20,0.295952740895345,0.455229133037758,"a_2024","fit_agr_sex_eth"
"195","ethnicityasian",0.491944162127676,0.0446182498906973,-15.8991009795032,6.42806011017857e-57,0.450634024781544,0.536776842464295,"a_2024","fit_agr_sex_eth"
"196","ethnicitymissing",1.1252316609409,0.00594724528123838,19.8392582976477,1.36457003214217e-87,1.11219154756683,1.13842443226973,"a_2024","fit_agr_sex_eth"
"197","sexMale",1.15973606563032,0.0059456068125801,24.9246972212979,4.01741305580319e-137,1.14630086707509,1.17333074133779,"a_2024","fit_agr_sex_eth"
"198","(Intercept)",2.2443822740705,0.00651039088243443,124.175390021043,0,2.21593963260463,2.27321888983664,"a_2024","fit_agr_sex_reg"
"199","age_group65-74",0.738481306747306,0.00664861264664901,-45.5974059408014,0,0.728918680384795,0.748165561597875,"a_2024","fit_agr_sex_reg"
"200","age_group85-94",0.964347483774223,0.0105144803577714,-3.4527230771113,0.000554958399111465,0.944686843554078,0.984436775443815,"a_2024","fit_agr_sex_reg"
"201","age_group>=95",0.824929671750001,0.0335213953986871,-5.74132253015658,9.39399748619711e-09,0.772568563606816,0.881066189619992,"a_2024","fit_agr_sex_reg"
"202","age_group<=34",0.171574891940537,0.0702355501149015,-25.0974815049188,5.29836765436682e-139,0.149285091753036,0.196623023594867,"a_2024","fit_agr_sex_reg"
"203","age_group35-44",0.175759150801441,0.0590463336214455,-29.4453622411929,1.44341391701429e-190,0.156385608461356,0.197127033612481,"a_2024","fit_agr_sex_reg"
"204","age_group45-54",0.267623159023512,0.0400132737887779,-32.9434531649415,5.24983001304977e-238,0.247359050665033,0.289370831315915,"a_2024","fit_agr_sex_reg"
"205","age_group55-64",0.372061815104858,0.0275012759575732,-35.9508871661882,4.90237588141821e-283,0.35251305839315,0.392641226503322,"a_2024","fit_agr_sex_reg"
"206","regionWales",0.605421784312367,0.00659718042633126,-76.0673298704568,0,0.597643645531191,0.613300585361742,"a_2024","fit_agr_sex_reg"
"207","regionNorthern Ireland",0.4951028025558,0.00979031278894493,-71.804637012134,0,0.485692527732199,0.504694477406644,"a_2024","fit_agr_sex_reg"
"208","regionEngland",0.000238527170131506,0.575462800966055,-14.4944683118268,1.31315231855551e-47,5.92962448954378e-05,0.000618573580740439,"a_2024","fit_agr_sex_reg"
"209","sexMale",1.16855158451219,0.00605722168848164,25.7155884260548,7.82469138448006e-146,1.15476173284156,1.18250837952017,"a_2024","fit_agr_sex_reg"
"210","(Intercept)",1.51302077696006,0.00724984505278727,57.1195886243417,0,1.491679454334,1.53467950655263,"a_2024","fit_agr_sex_imd"
"211","age_group65-74",0.76185933344808,0.00654062452597729,-41.5852249323283,0,0.752153445114434,0.771687103248491,"a_2024","fit_agr_sex_imd"
"212","age_group85-94",0.966111009277314,0.0103490723450537,-3.33136476259552,0.000864212799199401,0.946720597919663,0.985916635716884,"a_2024","fit_agr_sex_imd"
"213","age_group>=95",0.815441572564987,0.0330723577422,-6.16906442618272,6.86952358075762e-10,0.764345985079898,0.870155732967063,"a_2024","fit_agr_sex_imd"
"214","age_group<=34",0.191613596861858,0.07007628677813,-23.5782249188276,6.44764888410311e-123,0.166769900024469,0.219515094310309,"a_2024","fit_agr_sex_imd"
"215","age_group35-44",0.19263112410786,0.0587791218733358,-28.0197822024929,9.32922504260875e-173,0.171484581126818,0.215933280100895,"a_2024","fit_agr_sex_imd"
"216","age_group45-54",0.285488422206356,0.0397726413732515,-31.517992271031,4.92477119850778e-218,0.263993822362926,0.308539730809409,"a_2024","fit_agr_sex_imd"
"217","age_group55-64",0.397925382919503,0.0272653386608529,-33.7971511316345,2.17172007862963e-250,0.37719025913324,0.419739175285442,"a_2024","fit_agr_sex_imd"
"218","imdQ1",1.79267792565555,0.0104375967563843,55.9238456288499,0,1.75640322073428,1.82975653411617,"a_2024","fit_agr_sex_imd"
"219","imdQ2",1.13433008985981,0.00923328830032914,13.6508515039698,1.99533319257098e-42,1.11399145340715,1.15504971121971,"a_2024","fit_agr_sex_imd"
"220","imdQ4",1.14689885268742,0.00777676432364829,17.6245086418935,1.59750547505028e-69,1.12955128286752,1.16451519358282,"a_2024","fit_agr_sex_imd"
"221","imdQ5",0.861277087077989,0.00932218207295035,-16.0197478542448,9.30267325831152e-58,0.845684333234735,0.877159223619407,"a_2024","fit_agr_sex_imd"
"222","sexMale",1.16034494244364,0.00596824248621113,24.9181103873464,4.73534594715218e-137,1.14685181236482,1.17399884460006,"a_2024","fit_agr_sex_imd"
"223","(Intercept)",1.68205312363725,0.00575307168388495,90.3891300575554,0,1.66320014922238,1.70113422512655,"a_2024","fit_agr_sex_immuno"
"224","age_group65-74",0.759908991837817,0.00651058862689812,-42.170779969046,0,0.75027209974923,0.769666272325955,"a_2024","fit_agr_sex_immuno"
"225","age_group85-94",0.9687993033459,0.0103018188433326,-3.07691353490715,0.00209155961111353,0.949442999186368,0.988568617179686,"a_2024","fit_agr_sex_immuno"
"226","age_group>=95",0.821915956889422,0.0329025632155996,-5.96054265118921,2.5140167355033e-09,0.770672689507624,0.876774598030842,"a_2024","fit_agr_sex_immuno"
"227","age_group<=34",0.194458696931386,0.0717508041184184,-22.8225385583153,2.73929858093103e-115,0.168703498402291,0.223521540183092,"a_2024","fit_agr_sex_immuno"
"228","age_group35-44",0.192865012846716,0.0609211976715324,-27.0146486442645,9.94473314944157e-161,0.170985965828624,0.217119946254954,"a_2024","fit_agr_sex_immuno"
"229","age_group45-54",0.285083543517485,0.0430446436436599,-29.1551491727816,7.18830107219195e-187,0.261945160822793,0.310096213412198,"a_2024","fit_agr_sex_immuno"
"230","age_group55-64",0.396861834051965,0.0319714143061738,-28.9060432259102,1.00237206042784e-183,0.372731500281911,0.42249926409335,"a_2024","fit_agr_sex_immuno"
"231","immunosuppressed1",1.0039206365786,0.0175278231747198,0.223243404139183,0.823346072597034,0.97005678381863,1.03905193309982,"a_2024","fit_agr_sex_immuno"
"232","sexMale",1.1591971077391,0.00594074425119186,24.8668534994578,1.69966876444385e-136,1.14577906634775,1.17277428187564,"a_2024","fit_agr_sex_immuno"
"233","(Intercept)",2.03571075801831,0.00880796357618289,80.7048097561067,0,2.00088172157744,2.07117193593455,"a_2024","fit_all"
"234","age_group65-74",0.743639233450173,0.00667070999286289,-44.4029591070885,0,0.733978069506243,0.75342380146921,"a_2024","fit_all"
"235","age_group85-94",0.957955981233835,0.0105471113116374,-4.07253222285051,4.65047639362534e-05,0.938365505108098,0.977974537268965,"a_2024","fit_all"
"236","age_group>=95",0.811988724518564,0.033636330167052,-6.19178203874807,5.94877762932211e-10,0.76027650737474,0.867438527138657,"a_2024","fit_all"
"237","age_group<=34",0.172478449712468,0.0725908767956896,-24.2107969637097,1.7123100239553e-129,0.149393661014984,0.198589661507864,"a_2024","fit_all"
"238","age_group35-44",0.179689357556918,0.0617297650033884,-27.8070993829576,3.5598055926834e-170,0.159057434051419,0.202613860439373,"a_2024","fit_all"
"239","age_group45-54",0.274215992794153,0.0437586940112102,-29.5675914810129,3.90201869879831e-192,0.251610026172242,0.298696005876075,"a_2024","fit_all"
"240","age_group55-64",0.376389610254586,0.0325836803695145,-29.9883396690479,1.39277252765629e-197,0.353081066012484,0.401186740181496,"a_2024","fit_all"
"241","immunosuppressed1",0.997881320502058,0.0179298708101809,-0.118290148153358,0.905837763228649,0.963464358164859,1.03361833397096,"a_2024","fit_all"
"242","imdQ1",1.46133471146207,0.0107201928732529,35.386509228411,2.75351640098302e-274,1.43096932911438,1.49238368236212,"a_2024","fit_all"
"243","imdQ2",1.02714320404634,0.00940818132084902,2.8466033445368,0.00441883837634825,1.00837993312619,1.04626271922634,"a_2024","fit_all"
"244","imdQ4",0.989966873156298,0.00801449848344965,-1.25819449494652,0.208321425401823,0.974537648665799,1.0056400222837,"a_2024","fit_all"
"245","imdQ5",0.895401673764586,0.00980130334392831,-11.2722624744462,1.79887187171677e-29,0.87836704569235,0.912771036018811,"a_2024","fit_all"
"246","regionWales",0.598293700930156,0.00683311903523127,-75.1740902321417,0,0.590333900689508,0.606359884754121,"a_2024","fit_all"
"247","regionNorthern Ireland",0.51543010919148,0.0100204621496812,-66.1400196412943,0,0.505405332398777,0.525652524828225,"a_2024","fit_all"
"248","regionEngland",0.000281203044515533,0.575470690944462,-14.2082536954199,8.14308963142653e-46,6.99030125804558e-05,0.000729292282517392,"a_2024","fit_all"
"249","ethnicityblack",0.408969609267263,0.112206231633285,-7.96849174645017,1.60622592954527e-15,0.327406029263248,0.508495790485598,"a_2024","fit_all"
"250","ethnicityasian",0.483140634119148,0.0454549459107612,-16.0037040015476,1.20394157893163e-57,0.441855499057791,0.528049139236866,"a_2024","fit_all"
"251","ethnicitymissing",1.12845459371722,0.00622501649746677,19.4134554588645,5.93951602101528e-84,1.11477046931375,1.14230730498912,"a_2024","fit_all"
"252","sexMale",1.16927629955154,0.00607573205043528,25.7392868448265,4.24892637488987e-146,1.15543598430004,1.18328468755834,"a_2024","fit_all"
"253","(Intercept)",1.24510513815607,0.00511007410590306,42.899568602342,0,1.23269918009065,1.25764054859,"s_2025","fit_agr"
"254","age_group65-74",0.422176334697452,0.0274971023282874,-31.3608389420252,6.92338637394246e-216,0.399968619504098,0.4454918251329,"s_2025","fit_agr"
"255","age_group85-94",1.18576736495217,0.0103623551626518,16.4431857133914,9.38530377033814e-61,1.16193573111021,1.21010507874414,"s_2025","fit_agr"
"256","age_group>=95",1.15391200609158,0.0317159971647228,4.51374469529206,6.36928846254753e-06,1.08448004116174,1.22805851683812,"s_2025","fit_agr"
"257","age_group<=34",0.147975986312706,0.0927771692655767,-20.5945631684146,3.0704380138836e-94,0.122889321264494,0.176841335914161,"s_2025","fit_agr"
"258","age_group35-44",0.177806966613591,0.0721213347997474,-23.9465447937373,1.00387369022624e-126,0.154033645569531,0.204386754739823,"s_2025","fit_agr"
"259","age_group45-54",0.219156063262329,0.0500733765060995,-30.31493562524,7.2864082890706e-202,0.198486471748144,0.241543080877498,"s_2025","fit_agr"
"260","age_group55-64",0.287569993426183,0.0325038735957755,-38.3427836472312,0,0.269737608005797,0.306394511414338,"s_2025","fit_agr"
"261","(Intercept)",1.13631522051426,0.00646962699880253,19.7524161251383,7.64703264424296e-87,1.12199893552952,1.15081732389238,"s_2025","fit_agr_sex"
"262","age_group65-74",0.419642786353672,0.0275300841204174,-31.5419100964594,2.31496111837851e-218,0.397542727442446,0.442847067881876,"s_2025","fit_agr_sex"
"263","age_group85-94",1.20227075226319,0.0103927411308326,17.7250698247536,2.68579568702979e-70,1.1780375122574,1.22702052014258,"s_2025","fit_agr_sex"
"264","age_group>=95",1.19434624781176,0.0317829268226754,5.58787312806211,2.29867476650803e-08,1.12233409583999,1.27125762223138,"s_2025","fit_agr_sex"
"265","age_group<=34",0.146927178682365,0.0928387190345123,-20.6575254161615,8.35370230945323e-95,0.122004208557351,0.175609968149263,"s_2025","fit_agr_sex"
"266","age_group35-44",0.17976464625989,0.072173731933976,-23.7774431006469,5.71701432335189e-125,0.155714072754575,0.206658929975542,"s_2025","fit_agr_sex"
"267","age_group45-54",0.222062466619492,0.0501156676265013,-30.0264693016978,4.43018923746509e-198,0.2011024158082,0.244767049640976,"s_2025","fit_agr_sex"
"268","age_group55-64",0.2884290539807,0.0325349854630243,-38.2144365209701,0,0.270527059334234,0.307328719963098,"s_2025","fit_agr_sex"
"269","sexMale",1.21967585727943,0.00865368517770088,22.9480422052194,1.54131551920744e-116,1.19916580895254,1.24054157431165,"s_2025","fit_agr_sex"
"270","(Intercept)",1.14386452310259,0.00804558565788259,16.7063614507521,1.17808119189698e-62,1.12597045555278,1.16204748394264,"s_2025","fit_agr_sex_eth"
"271","age_group65-74",0.419914577841079,0.0275388973993291,-31.5083048497173,6.68499696314555e-218,0.397793397354834,0.443141612495275,"s_2025","fit_agr_sex_eth"
"272","age_group85-94",1.20266059950984,0.0103999173435688,17.7440130214304,1.91739339589119e-70,1.17840293162731,1.2274356614564,"s_2025","fit_agr_sex_eth"
"273","age_group>=95",1.19459583465063,0.0317941939509279,5.59246492517736,2.23868388539377e-08,1.12254383082957,1.27155133446321,"s_2025","fit_agr_sex_eth"
"274","age_group<=34",0.148152440831421,0.0928802501296306,-20.558875832344,6.41009947164014e-94,0.123012127796072,0.17708957951681,"s_2025","fit_agr_sex_eth"
"275","age_group35-44",0.180492881989562,0.0722054997115863,-23.7109907664406,2.77738289296141e-124,0.156335500872336,0.207509508433348,"s_2025","fit_agr_sex_eth"
"276","age_group45-54",0.224853231028466,0.0501708822848866,-29.7444917888535,2.04326645081768e-194,0.203608313322617,0.247870686522662,"s_2025","fit_agr_sex_eth"
"277","age_group55-64",0.289499142151922,0.0325521635961176,-38.0805085818356,0,0.271521723832561,0.30847946501052,"s_2025","fit_agr_sex_eth"
"278","ethnicityblack",0.392863709449822,0.189552602439372,-4.92893534844595,8.26789264137286e-07,0.268345452251151,0.565317774814989,"s_2025","fit_agr_sex_eth"
"279","ethnicityasian",0.495482509457371,0.0785848595740238,-8.93585899899547,4.04026943554307e-19,0.424295721299045,0.577448072706838,"s_2025","fit_agr_sex_eth"
"280","ethnicitymissing",0.992228628626476,0.00864874777463374,-0.90206421201341,0.367022758505521,0.975550041492063,1.00919068230729,"s_2025","fit_agr_sex_eth"
"281","sexMale",1.2202040466621,0.00865590308592857,22.9921816530189,5.58128442374289e-117,1.19967991307032,1.24108420705249,"s_2025","fit_agr_sex_eth"
"282","(Intercept)",1.43675892792307,0.00738281127198176,49.0856150871501,0,1.4161251030599,1.45770681469547,"s_2025","fit_agr_sex_reg"
"283","age_group65-74",0.402824398748319,0.0279200277636709,-32.5663912230964,1.22729196114264e-232,0.381320856572941,0.425426274704922,"s_2025","fit_agr_sex_reg"
"284","age_group85-94",1.21160560121212,0.0105767066165134,18.148033230728,1.33081243261147e-73,1.186756652728,1.2369939270785,"s_2025","fit_agr_sex_reg"
"285","age_group>=95",1.22305549707871,0.0323723495300837,6.21988321583945,4.97525052664356e-10,1.14798915294974,1.30332416065432,"s_2025","fit_agr_sex_reg"
"286","age_group<=34",0.135784474290898,0.093464096572345,-21.3631380537953,2.94356993152305e-101,0.112620256250926,0.162500903340239,"s_2025","fit_agr_sex_reg"
"287","age_group35-44",0.169076260660611,0.0727586180277826,-24.4287957565243,8.45686501398256e-132,0.146293907236441,0.194602403742373,"s_2025","fit_agr_sex_reg"
"288","age_group45-54",0.217266580590326,0.050640540640343,-30.1464040099323,1.19559241512742e-199,0.196561518249432,0.239732871833128,"s_2025","fit_agr_sex_reg"
"289","age_group55-64",0.276289319594716,0.0329153290205894,-39.0792600644962,0,0.2589500771217,0.294615708770806,"s_2025","fit_agr_sex_reg"
"290","regionWales",0.668704217635588,0.00999004746144328,-40.2814345255958,0,0.655737626635784,0.681925988651696,"s_2025","fit_agr_sex_reg"
"291","regionNorthern Ireland",0.305609030129259,0.0146781019464602,-80.7630766973878,0,0.296931690827309,0.314517551122142,"s_2025","fit_agr_sex_reg"
"292","sexMale",1.23196568729403,0.00880403911272186,23.6949212549106,4.06770746992585e-124,1.21089242093239,1.25341132367037,"s_2025","fit_agr_sex_reg"
"293","(Intercept)",1.01557740226167,0.00918353915578429,1.68315501356283,0.0923450869551765,0.997461503325137,1.03402323678144,"s_2025","fit_agr_sex_imd"
"294","age_group65-74",0.417416305514379,0.0276676767378802,-31.5773250099042,7.56231184992653e-219,0.395327193844862,0.440616603017755,"s_2025","fit_agr_sex_imd"
"295","age_group85-94",1.20231279483087,0.0104438617846185,17.6416573393781,1.17950228393549e-69,1.17796059786516,1.22718630091382,"s_2025","fit_agr_sex_imd"
"296","age_group>=95",1.18975525014156,0.0319486658776058,5.43833706501827,5.378015969909e-08,1.11765492343813,1.26678016808453,"s_2025","fit_agr_sex_imd"
"297","age_group<=34",0.143626421159525,0.0931295947869893,-20.8369815456542,2.00062205778014e-96,0.11919796835738,0.171766295027768,"s_2025","fit_agr_sex_imd"
"298","age_group35-44",0.179046139110226,0.0723977696523584,-23.7591814530094,8.83093470171192e-125,0.155025430089935,0.205925630084589,"s_2025","fit_agr_sex_imd"
"299","age_group45-54",0.220561663341966,0.0502991190646189,-30.0517782210904,2.06957622424287e-198,0.19967259918705,0.243201539110079,"s_2025","fit_agr_sex_imd"
"300","age_group55-64",0.287083647680199,0.032673273628341,-38.1957946593133,0,0.269192717273569,0.305978645663099,"s_2025","fit_agr_sex_imd"
"301","imdQ1",1.68551202604174,0.0139497077642097,37.425113091296,1.5259963078415e-306,1.64007998676379,1.7322604852424,"s_2025","fit_agr_sex_imd"
"302","imdQ2",0.918302741676812,0.0132467452193597,-6.43389431557854,1.24375354329117e-10,0.894767180060445,0.942456788376948,"s_2025","fit_agr_sex_imd"
"303","imdQ4",1.2417338283621,0.0113719637868487,19.0388094540927,8.13559548753527e-81,1.2143668116098,1.26972482063653,"s_2025","fit_agr_sex_imd"
"304","imdQ5",0.945120966225775,0.0144201640758747,-3.91412696800352,9.07318863670346e-05,0.918783308131245,0.972214694907145,"s_2025","fit_agr_sex_imd"
"305","sexMale",1.21961533621432,0.00869598140621241,22.8307193367987,2.2718745312848e-115,1.19900691443492,1.24058287021204,"s_2025","fit_agr_sex_imd"
"306","(Intercept)",1.13790201637508,0.00651588449505052,19.8263536580014,1.76371433495219e-87,1.12346388708743,1.15252886803796,"s_2025","fit_agr_sex_immuno"
"307","age_group65-74",0.438393322839598,0.0366791346743273,-22.4825035142009,6.15676114467192e-112,0.407942637845039,0.471024586448875,"s_2025","fit_agr_sex_immuno"
"308","age_group85-94",1.20205077001278,0.0103932881504462,17.7065304554768,3.7339128794964e-70,1.17782069714125,1.2267973204309,"s_2025","fit_agr_sex_immuno"
"309","age_group>=95",1.19338887927884,0.0317859461671142,5.56211404289895,2.66526016784085e-08,1.12142779042764,1.27024608941051,"s_2025","fit_agr_sex_immuno"
"310","age_group<=34",0.153491656919849,0.095950026533453,-19.5321370243947,5.8537809998218e-85,0.126710992229759,0.18462108430013,"s_2025","fit_agr_sex_immuno"
"311","age_group35-44",0.187800383125486,0.0761381551278358,-21.9650143785377,6.22374782992962e-107,0.161450023808951,0.217625378729036,"s_2025","fit_agr_sex_immuno"
"312","age_group45-54",0.231989688939747,0.0556742922333075,-26.2430341531066,8.58378217654794e-152,0.207850586487931,0.258551396719663,"s_2025","fit_agr_sex_immuno"
"313","age_group55-64",0.301319644375015,0.0405739793855647,-29.5653434643326,4.1704994717157e-192,0.278225887797829,0.326192582755566,"s_2025","fit_agr_sex_immuno"
"314","immunosuppressed1",0.955781319552455,0.0250784574834825,-1.80338592852941,0.0713276259762103,0.90997342377049,1.00397823384383,"s_2025","fit_agr_sex_immuno"
"315","sexMale",1.21996467419273,0.00865476684134935,22.9725313680684,8.7747703360534e-117,1.19944723149951,1.24083796826514,"s_2025","fit_agr_sex_immuno"
"316","(Intercept)",1.34427732392652,0.0115387203989168,25.640326898842,5.42047618503005e-145,1.31422380442765,1.37503252701403,"s_2025","fit_all"
"317","age_group65-74",0.426939164128434,0.0373683210741947,-22.7763443527733,7.8689321768453e-115,0.396748842916965,0.459339040326934,"s_2025","fit_all"
"318","age_group85-94",1.20854551335259,0.0106123949746774,17.8487119950237,2.95779558804333e-71,1.18367641568933,1.23395591436945,"s_2025","fit_all"
"319","age_group>=95",1.2114617882182,0.0324829369728126,5.9054918603231,3.51596147162265e-09,1.1368590588284,1.29124759223411,"s_2025","fit_all"
"320","age_group<=34",0.143487802587064,0.0969006320587549,-20.0360431664799,2.67182174543153e-89,0.118241232969987,0.17292341429103,"s_2025","fit_all"
"321","age_group35-44",0.180875543424265,0.0770281447841279,-22.1989779762743,3.5134796071606e-109,0.155233506412877,0.209976860705951,"s_2025","fit_all"
"322","age_group45-54",0.2332904883179,0.056522831104226,-25.7501410054675,3.21172677331818e-146,0.208674025988732,0.260440332632436,"s_2025","fit_all"
"323","age_group55-64",0.2942286891926,0.0412554598419152,-29.6542073293251,2.99333291682395e-193,0.271317526463427,0.318943991870317,"s_2025","fit_all"
"324","immunosuppressed1",0.942449663316746,0.0256094754223492,-2.31448585846362,0.0206410860815823,0.896348970360607,0.991006793548545,"s_2025","fit_all"
"325","imdQ1",1.40043275365399,0.0142752744482707,23.5919316178388,4.66395076446391e-123,1.36181219285477,1.44018948511757,"s_2025","fit_all"
"326","imdQ2",0.873244793269971,0.0136220874712072,-9.94996971448101,2.52259970899761e-23,0.850237698767923,0.896872583336946,"s_2025","fit_all"
"327","imdQ4",1.09971523162383,0.0118847137720765,7.99777493761608,1.26687663178636e-15,1.07439558890731,1.12563309502003,"s_2025","fit_all"
"328","imdQ5",0.901417816068174,0.0150682008502132,-6.88777678680315,5.66710376689124e-12,0.875185717355644,0.928437194243155,"s_2025","fit_all"
"329","regionWales",0.664054120522419,0.0104999215584436,-38.9899699476434,0,0.650526892518424,0.67786063276129,"s_2025","fit_all"
"330","regionNorthern Ireland",0.325628202945219,0.0149476412033381,-75.0619455578195,0,0.316215693240697,0.335297727195066,"s_2025","fit_all"
"331","ethnicityblack",0.405536044360046,0.191304118402869,-4.7178572433846,2.3834163740949e-06,0.276100723947281,0.585639271012707,"s_2025","fit_all"
"332","ethnicityasian",0.481612295977909,0.0794251041789047,-9.19880258705294,3.61960606361897e-20,0.411752920382458,0.562224920747358,"s_2025","fit_all"
"333","ethnicitymissing",1.04926143682224,0.00900432289016378,5.34038192056175,9.27509735844754e-08,1.03090657472891,1.06794363152065,"s_2025","fit_all"
"334","sexMale",1.23233558697704,0.00883121470250354,23.6560005711279,1.02387834065521e-123,1.21119149469117,1.2538544631546,"s_2025","fit_all"
