"cohort_start_date","dose","vaccination_campaign","n_dose_day"
2023-10-02,3,"a_2023",6
2023-10-02,4,"a_2023",102
2023-10-02,5,"a_2023",3437
2023-10-02,6,"a_2023",702
2023-10-02,7,"a_2023",1752
2023-10-02,8,"a_2023",80
2023-10-02,9,"a_2023",5
2023-10-03,3,"a_2023",60
2023-10-03,4,"a_2023",402
2023-10-03,5,"a_2023",4619
2023-10-03,6,"a_2023",1197
2023-10-03,7,"a_2023",2656
2023-10-03,8,"a_2023",88
2023-10-04,3,"a_2023",11
2023-10-04,4,"a_2023",136
2023-10-04,5,"a_2023",4291
2023-10-04,6,"a_2023",993
2023-10-04,7,"a_2023",2219
2023-10-04,8,"a_2023",123
2023-10-05,3,"a_2023",16
2023-10-05,4,"a_2023",127
2023-10-05,5,"a_2023",3686
2023-10-05,6,"a_2023",853
2023-10-05,7,"a_2023",2047
2023-10-05,8,"a_2023",167
2023-10-06,3,"a_2023",12
2023-10-06,4,"a_2023",108
2023-10-06,5,"a_2023",3080
2023-10-06,6,"a_2023",683
2023-10-06,7,"a_2023",1793
2023-10-06,8,"a_2023",110
2023-10-07,3,"a_2023",27
2023-10-07,4,"a_2023",296
2023-10-07,5,"a_2023",6564
2023-10-07,6,"a_2023",2412
2023-10-07,7,"a_2023",4706
2023-10-07,8,"a_2023",200
2023-10-08,3,"a_2023",5
2023-10-08,4,"a_2023",27
2023-10-08,5,"a_2023",1185
2023-10-08,6,"a_2023",340
2023-10-08,7,"a_2023",1322
2023-10-08,8,"a_2023",48
2023-10-09,3,"a_2023",6
2023-10-09,4,"a_2023",102
2023-10-09,5,"a_2023",2079
2023-10-09,6,"a_2023",933
2023-10-09,7,"a_2023",2595
2023-10-09,8,"a_2023",235
2023-10-09,9,"a_2023",5
2023-10-10,3,"a_2023",51
2023-10-10,4,"a_2023",208
2023-10-10,5,"a_2023",3616
2023-10-10,6,"a_2023",1071
2023-10-10,7,"a_2023",2892
2023-10-10,8,"a_2023",204
2023-10-11,3,"a_2023",11
2023-10-11,4,"a_2023",130
2023-10-11,5,"a_2023",3168
2023-10-11,6,"a_2023",911
2023-10-11,7,"a_2023",2646
2023-10-11,8,"a_2023",144
2023-10-11,9,"a_2023",5
2023-10-12,3,"a_2023",10
2023-10-12,4,"a_2023",123
2023-10-12,5,"a_2023",3259
2023-10-12,6,"a_2023",902
2023-10-12,7,"a_2023",2605
2023-10-12,8,"a_2023",165
2023-10-13,3,"a_2023",13
2023-10-13,4,"a_2023",115
2023-10-13,5,"a_2023",3133
2023-10-13,6,"a_2023",890
2023-10-13,7,"a_2023",2411
2023-10-13,8,"a_2023",114
2023-10-14,3,"a_2023",8
2023-10-14,4,"a_2023",138
2023-10-14,5,"a_2023",3482
2023-10-14,6,"a_2023",914
2023-10-14,7,"a_2023",2825
2023-10-14,8,"a_2023",158
2023-10-15,3,"a_2023",5
2023-10-15,4,"a_2023",15
2023-10-15,5,"a_2023",648
2023-10-15,6,"a_2023",266
2023-10-15,7,"a_2023",1048
2023-10-15,8,"a_2023",59
2023-10-16,3,"a_2023",12
2023-10-16,4,"a_2023",68
2023-10-16,5,"a_2023",2177
2023-10-16,6,"a_2023",1142
2023-10-16,7,"a_2023",3553
2023-10-16,8,"a_2023",125
2023-10-17,3,"a_2023",18
2023-10-17,4,"a_2023",116
2023-10-17,5,"a_2023",2472
2023-10-17,6,"a_2023",1471
2023-10-17,7,"a_2023",4366
2023-10-17,8,"a_2023",184
2023-10-18,3,"a_2023",7
2023-10-18,4,"a_2023",113
2023-10-18,5,"a_2023",2515
2023-10-18,6,"a_2023",1306
2023-10-18,7,"a_2023",3872
2023-10-18,8,"a_2023",111
2023-10-19,3,"a_2023",8
2023-10-19,4,"a_2023",79
2023-10-19,5,"a_2023",2223
2023-10-19,6,"a_2023",946
2023-10-19,7,"a_2023",2991
2023-10-19,8,"a_2023",120
2023-10-19,9,"a_2023",5
2023-10-20,3,"a_2023",11
2023-10-20,4,"a_2023",81
2023-10-20,5,"a_2023",1613
2023-10-20,6,"a_2023",765
2023-10-20,7,"a_2023",2179
2023-10-20,8,"a_2023",83
2023-10-21,3,"a_2023",10
2023-10-21,4,"a_2023",124
2023-10-21,5,"a_2023",3001
2023-10-21,6,"a_2023",967
2023-10-21,7,"a_2023",2338
2023-10-21,8,"a_2023",133
2023-10-22,3,"a_2023",5
2023-10-22,4,"a_2023",25
2023-10-22,5,"a_2023",574
2023-10-22,6,"a_2023",298
2023-10-22,7,"a_2023",1220
2023-10-22,8,"a_2023",38
2023-10-23,3,"a_2023",10
2023-10-23,4,"a_2023",56
2023-10-23,5,"a_2023",1638
2023-10-23,6,"a_2023",1015
2023-10-23,7,"a_2023",3496
2023-10-23,8,"a_2023",118
2023-10-24,3,"a_2023",22
2023-10-24,4,"a_2023",156
2023-10-24,5,"a_2023",2988
2023-10-24,6,"a_2023",1433
2023-10-24,7,"a_2023",4317
2023-10-24,8,"a_2023",138
2023-10-25,3,"a_2023",11
2023-10-25,4,"a_2023",77
2023-10-25,5,"a_2023",2380
2023-10-25,6,"a_2023",958
2023-10-25,7,"a_2023",3092
2023-10-25,8,"a_2023",90
2023-10-26,3,"a_2023",18
2023-10-26,4,"a_2023",70
2023-10-26,5,"a_2023",2416
2023-10-26,6,"a_2023",1130
2023-10-26,7,"a_2023",3381
2023-10-26,8,"a_2023",99
2023-10-27,3,"a_2023",13
2023-10-27,4,"a_2023",70
2023-10-27,5,"a_2023",1639
2023-10-27,6,"a_2023",903
2023-10-27,7,"a_2023",2712
2023-10-27,8,"a_2023",67
2023-10-28,3,"a_2023",8
2023-10-28,4,"a_2023",53
2023-10-28,5,"a_2023",1124
2023-10-28,6,"a_2023",630
2023-10-28,7,"a_2023",1724
2023-10-28,8,"a_2023",63
2023-10-29,3,"a_2023",5
2023-10-29,4,"a_2023",13
2023-10-29,5,"a_2023",357
2023-10-29,6,"a_2023",205
2023-10-29,7,"a_2023",625
2023-10-29,8,"a_2023",26
2023-10-30,3,"a_2023",6
2023-10-30,4,"a_2023",61
2023-10-30,5,"a_2023",1351
2023-10-30,6,"a_2023",792
2023-10-30,7,"a_2023",2539
2023-10-30,8,"a_2023",83
2023-10-31,3,"a_2023",10
2023-10-31,4,"a_2023",53
2023-10-31,5,"a_2023",1399
2023-10-31,6,"a_2023",889
2023-10-31,7,"a_2023",2689
2023-10-31,8,"a_2023",90
2023-10-31,9,"a_2023",5
2023-11-01,3,"a_2023",10
2023-11-01,4,"a_2023",68
2023-11-01,5,"a_2023",1547
2023-11-01,6,"a_2023",748
2023-11-01,7,"a_2023",2398
2023-11-01,8,"a_2023",72
2023-11-02,3,"a_2023",10
2023-11-02,4,"a_2023",60
2023-11-02,5,"a_2023",1865
2023-11-02,6,"a_2023",850
2023-11-02,7,"a_2023",2643
2023-11-02,8,"a_2023",70
2023-11-02,9,"a_2023",5
2023-11-03,3,"a_2023",13
2023-11-03,4,"a_2023",68
2023-11-03,5,"a_2023",1412
2023-11-03,6,"a_2023",708
2023-11-03,7,"a_2023",2119
2023-11-03,8,"a_2023",76
2023-11-04,3,"a_2023",6
2023-11-04,4,"a_2023",47
2023-11-04,5,"a_2023",1056
2023-11-04,6,"a_2023",513
2023-11-04,7,"a_2023",1569
2023-11-04,8,"a_2023",65
2023-11-05,3,"a_2023",5
2023-11-05,4,"a_2023",20
2023-11-05,5,"a_2023",398
2023-11-05,6,"a_2023",344
2023-11-05,7,"a_2023",460
2023-11-05,8,"a_2023",28
2023-11-06,3,"a_2023",11
2023-11-06,4,"a_2023",56
2023-11-06,5,"a_2023",1896
2023-11-06,6,"a_2023",714
2023-11-06,7,"a_2023",1804
2023-11-06,8,"a_2023",62
2023-11-07,3,"a_2023",9
2023-11-07,4,"a_2023",87
2023-11-07,5,"a_2023",2131
2023-11-07,6,"a_2023",727
2023-11-07,7,"a_2023",2159
2023-11-07,8,"a_2023",61
2023-11-08,3,"a_2023",8
2023-11-08,4,"a_2023",60
2023-11-08,5,"a_2023",1793
2023-11-08,6,"a_2023",658
2023-11-08,7,"a_2023",1976
2023-11-08,8,"a_2023",55
2023-11-08,9,"a_2023",5
2023-11-09,3,"a_2023",10
2023-11-09,4,"a_2023",49
2023-11-09,5,"a_2023",2154
2023-11-09,6,"a_2023",699
2023-11-09,7,"a_2023",1882
2023-11-09,8,"a_2023",59
2023-11-10,3,"a_2023",9
2023-11-10,4,"a_2023",54
2023-11-10,5,"a_2023",1611
2023-11-10,6,"a_2023",518
2023-11-10,7,"a_2023",1166
2023-11-10,8,"a_2023",43
2023-11-11,3,"a_2023",5
2023-11-11,4,"a_2023",39
2023-11-11,5,"a_2023",1273
2023-11-11,6,"a_2023",487
2023-11-11,7,"a_2023",981
2023-11-11,8,"a_2023",39
2023-11-12,4,"a_2023",15
2023-11-12,5,"a_2023",548
2023-11-12,6,"a_2023",232
2023-11-12,7,"a_2023",648
2023-11-12,8,"a_2023",17
2023-11-13,3,"a_2023",7
2023-11-13,4,"a_2023",57
2023-11-13,5,"a_2023",1999
2023-11-13,6,"a_2023",463
2023-11-13,7,"a_2023",1468
2023-11-13,8,"a_2023",42
2023-11-13,9,"a_2023",5
2023-11-14,3,"a_2023",13
2023-11-14,4,"a_2023",62
2023-11-14,5,"a_2023",1893
2023-11-14,6,"a_2023",490
2023-11-14,7,"a_2023",1307
2023-11-14,8,"a_2023",49
2023-11-15,3,"a_2023",10
2023-11-15,4,"a_2023",75
2023-11-15,5,"a_2023",1746
2023-11-15,6,"a_2023",403
2023-11-15,7,"a_2023",1113
2023-11-15,8,"a_2023",39
2023-11-16,3,"a_2023",9
2023-11-16,4,"a_2023",51
2023-11-16,5,"a_2023",2029
2023-11-16,6,"a_2023",571
2023-11-16,7,"a_2023",1420
2023-11-16,8,"a_2023",47
2023-11-17,3,"a_2023",13
2023-11-17,4,"a_2023",43
2023-11-17,5,"a_2023",1667
2023-11-17,6,"a_2023",406
2023-11-17,7,"a_2023",1104
2023-11-17,8,"a_2023",46
2023-11-18,3,"a_2023",5
2023-11-18,4,"a_2023",21
2023-11-18,5,"a_2023",882
2023-11-18,6,"a_2023",280
2023-11-18,7,"a_2023",785
2023-11-18,8,"a_2023",40
2023-11-19,3,"a_2023",5
2023-11-19,4,"a_2023",10
2023-11-19,5,"a_2023",299
2023-11-19,6,"a_2023",111
2023-11-19,7,"a_2023",307
2023-11-19,8,"a_2023",6
2023-11-20,3,"a_2023",9
2023-11-20,4,"a_2023",47
2023-11-20,5,"a_2023",1696
2023-11-20,6,"a_2023",306
2023-11-20,7,"a_2023",753
2023-11-20,8,"a_2023",36
2023-11-21,3,"a_2023",7
2023-11-21,4,"a_2023",73
2023-11-21,5,"a_2023",1835
2023-11-21,6,"a_2023",326
2023-11-21,7,"a_2023",747
2023-11-21,8,"a_2023",30
2023-11-22,3,"a_2023",12
2023-11-22,4,"a_2023",65
2023-11-22,5,"a_2023",1724
2023-11-22,6,"a_2023",286
2023-11-22,7,"a_2023",569
2023-11-22,8,"a_2023",29
2023-11-23,3,"a_2023",5
2023-11-23,4,"a_2023",57
2023-11-23,5,"a_2023",1589
2023-11-23,6,"a_2023",334
2023-11-23,7,"a_2023",751
2023-11-23,8,"a_2023",30
2023-11-23,9,"a_2023",5
2023-11-24,3,"a_2023",6
2023-11-24,4,"a_2023",55
2023-11-24,5,"a_2023",1762
2023-11-24,6,"a_2023",316
2023-11-24,7,"a_2023",767
2023-11-24,8,"a_2023",20
2023-11-25,3,"a_2023",5
2023-11-25,4,"a_2023",44
2023-11-25,5,"a_2023",1084
2023-11-25,6,"a_2023",200
2023-11-25,7,"a_2023",510
2023-11-25,8,"a_2023",18
2023-11-26,3,"a_2023",5
2023-11-26,4,"a_2023",22
2023-11-26,5,"a_2023",1440
2023-11-26,6,"a_2023",75
2023-11-26,7,"a_2023",132
2023-11-26,8,"a_2023",8
2023-11-27,3,"a_2023",9
2023-11-27,4,"a_2023",74
2023-11-27,5,"a_2023",2609
2023-11-27,6,"a_2023",295
2023-11-27,7,"a_2023",533
2023-11-27,8,"a_2023",23
2023-11-28,3,"a_2023",5
2023-11-28,4,"a_2023",61
2023-11-28,5,"a_2023",3157
2023-11-28,6,"a_2023",255
2023-11-28,7,"a_2023",477
2023-11-28,8,"a_2023",31
2023-11-29,3,"a_2023",5
2023-11-29,4,"a_2023",56
2023-11-29,5,"a_2023",2122
2023-11-29,6,"a_2023",178
2023-11-29,7,"a_2023",344
2023-11-29,8,"a_2023",19
2023-11-30,3,"a_2023",6
2023-11-30,4,"a_2023",59
2023-11-30,5,"a_2023",2411
2023-11-30,6,"a_2023",215
2023-11-30,7,"a_2023",382
2023-11-30,8,"a_2023",18
2023-12-01,3,"a_2023",5
2023-12-01,4,"a_2023",67
2023-12-01,5,"a_2023",1870
2023-12-01,6,"a_2023",194
2023-12-01,7,"a_2023",332
2023-12-01,8,"a_2023",13
2023-12-02,3,"a_2023",5
2023-12-02,4,"a_2023",35
2023-12-02,5,"a_2023",1099
2023-12-02,6,"a_2023",191
2023-12-02,7,"a_2023",203
2023-12-02,8,"a_2023",7
2023-12-03,3,"a_2023",5
2023-12-03,4,"a_2023",24
2023-12-03,5,"a_2023",798
2023-12-03,6,"a_2023",58
2023-12-03,7,"a_2023",99
2023-12-03,8,"a_2023",5
2023-12-04,3,"a_2023",5
2023-12-04,4,"a_2023",52
2023-12-04,5,"a_2023",1574
2023-12-04,6,"a_2023",162
2023-12-04,7,"a_2023",403
2023-12-04,8,"a_2023",23
2023-12-05,3,"a_2023",7
2023-12-05,4,"a_2023",53
2023-12-05,5,"a_2023",2061
2023-12-05,6,"a_2023",180
2023-12-05,7,"a_2023",336
2023-12-05,8,"a_2023",26
2023-12-06,3,"a_2023",5
2023-12-06,4,"a_2023",39
2023-12-06,5,"a_2023",1720
2023-12-06,6,"a_2023",157
2023-12-06,7,"a_2023",270
2023-12-06,8,"a_2023",13
2023-12-07,3,"a_2023",7
2023-12-07,4,"a_2023",55
2023-12-07,5,"a_2023",1846
2023-12-07,6,"a_2023",177
2023-12-07,7,"a_2023",294
2023-12-07,8,"a_2023",12
2023-12-08,3,"a_2023",6
2023-12-08,4,"a_2023",58
2023-12-08,5,"a_2023",1852
2023-12-08,6,"a_2023",114
2023-12-08,7,"a_2023",234
2023-12-08,8,"a_2023",12
2023-12-09,3,"a_2023",5
2023-12-09,4,"a_2023",38
2023-12-09,5,"a_2023",946
2023-12-09,6,"a_2023",99
2023-12-09,7,"a_2023",393
2023-12-09,8,"a_2023",12
2023-12-10,3,"a_2023",5
2023-12-10,4,"a_2023",24
2023-12-10,5,"a_2023",448
2023-12-10,6,"a_2023",57
2023-12-10,7,"a_2023",124
2023-12-10,8,"a_2023",5
2023-12-11,3,"a_2023",5
2023-12-11,4,"a_2023",47
2023-12-11,5,"a_2023",963
2023-12-11,6,"a_2023",172
2023-12-11,7,"a_2023",355
2023-12-11,8,"a_2023",11
2023-12-12,3,"a_2023",5
2023-12-12,4,"a_2023",42
2023-12-12,5,"a_2023",1042
2023-12-12,6,"a_2023",138
2023-12-12,7,"a_2023",386
2023-12-12,8,"a_2023",10
2023-12-13,3,"a_2023",5
2023-12-13,4,"a_2023",40
2023-12-13,5,"a_2023",801
2023-12-13,6,"a_2023",96
2023-12-13,7,"a_2023",186
2023-12-13,8,"a_2023",13
2023-12-14,3,"a_2023",8
2023-12-14,4,"a_2023",20
2023-12-14,5,"a_2023",576
2023-12-14,6,"a_2023",108
2023-12-14,7,"a_2023",198
2023-12-14,8,"a_2023",11
2023-12-15,3,"a_2023",5
2023-12-15,4,"a_2023",27
2023-12-15,5,"a_2023",663
2023-12-15,6,"a_2023",116
2023-12-15,7,"a_2023",218
2023-12-15,8,"a_2023",9
2023-12-16,3,"a_2023",5
2023-12-16,4,"a_2023",6
2023-12-16,5,"a_2023",389
2023-12-16,6,"a_2023",28
2023-12-16,7,"a_2023",77
2023-12-16,8,"a_2023",5
2023-12-17,3,"a_2023",5
2023-12-17,4,"a_2023",8
2023-12-17,5,"a_2023",87
2023-12-17,6,"a_2023",18
2023-12-17,7,"a_2023",24
2023-12-18,3,"a_2023",5
2023-12-18,4,"a_2023",22
2023-12-18,5,"a_2023",440
2023-12-18,6,"a_2023",90
2023-12-18,7,"a_2023",203
2023-12-18,8,"a_2023",5
2023-12-19,3,"a_2023",5
2023-12-19,4,"a_2023",25
2023-12-19,5,"a_2023",391
2023-12-19,6,"a_2023",103
2023-12-19,7,"a_2023",131
2023-12-19,8,"a_2023",5
2023-12-20,4,"a_2023",17
2023-12-20,5,"a_2023",312
2023-12-20,6,"a_2023",68
2023-12-20,7,"a_2023",117
2023-12-20,8,"a_2023",5
2023-12-21,3,"a_2023",5
2023-12-21,4,"a_2023",9
2023-12-21,5,"a_2023",280
2023-12-21,6,"a_2023",73
2023-12-21,7,"a_2023",89
2023-12-21,8,"a_2023",5
2023-12-22,3,"a_2023",5
2023-12-22,4,"a_2023",8
2023-12-22,5,"a_2023",240
2023-12-22,6,"a_2023",54
2023-12-22,7,"a_2023",72
2023-12-22,8,"a_2023",5
2023-12-23,4,"a_2023",6
2023-12-23,5,"a_2023",168
2023-12-23,6,"a_2023",9
2023-12-23,7,"a_2023",20
2023-12-23,8,"a_2023",5
2023-12-24,4,"a_2023",5
2023-12-24,5,"a_2023",11
2023-12-24,6,"a_2023",5
2023-12-24,7,"a_2023",8
2023-12-24,8,"a_2023",5
2023-12-27,4,"a_2023",14
2023-12-27,5,"a_2023",135
2023-12-27,6,"a_2023",27
2023-12-27,7,"a_2023",89
2023-12-27,8,"a_2023",5
2023-12-28,3,"a_2023",5
2023-12-28,4,"a_2023",15
2023-12-28,5,"a_2023",342
2023-12-28,6,"a_2023",37
2023-12-28,7,"a_2023",61
2023-12-28,8,"a_2023",5
2023-12-29,4,"a_2023",6
2023-12-29,5,"a_2023",217
2023-12-29,6,"a_2023",30
2023-12-29,7,"a_2023",76
2023-12-29,8,"a_2023",5
2023-12-30,4,"a_2023",9
2023-12-30,5,"a_2023",48
2023-12-30,6,"a_2023",9
2023-12-30,7,"a_2023",13
2023-12-30,8,"a_2023",5
2023-12-31,5,"a_2023",5
2024-01-02,3,"a_2023",5
2024-01-02,4,"a_2023",5
2024-01-02,5,"a_2023",44
2024-01-02,6,"a_2023",14
2024-01-02,7,"a_2023",20
2024-01-02,8,"a_2023",5
2024-01-03,3,"a_2023",5
2024-01-03,4,"a_2023",9
2024-01-03,5,"a_2023",104
2024-01-03,6,"a_2023",30
2024-01-03,7,"a_2023",39
2024-01-03,8,"a_2023",9
2024-01-04,4,"a_2023",9
2024-01-04,5,"a_2023",320
2024-01-04,6,"a_2023",31
2024-01-04,7,"a_2023",66
2024-01-04,8,"a_2023",5
2024-01-05,3,"a_2023",5
2024-01-05,4,"a_2023",11
2024-01-05,5,"a_2023",84
2024-01-05,6,"a_2023",28
2024-01-05,7,"a_2023",46
2024-01-05,8,"a_2023",5
2024-01-06,3,"a_2023",5
2024-01-06,4,"a_2023",5
2024-01-06,5,"a_2023",34
2024-01-06,6,"a_2023",10
2024-01-06,7,"a_2023",28
2024-01-06,8,"a_2023",6
2024-01-07,3,"a_2023",5
2024-01-07,5,"a_2023",29
2024-01-07,6,"a_2023",5
2024-01-07,7,"a_2023",19
2024-01-07,8,"a_2023",5
2024-01-08,3,"a_2023",5
2024-01-08,4,"a_2023",8
2024-01-08,5,"a_2023",127
2024-01-08,6,"a_2023",46
2024-01-08,7,"a_2023",82
2024-01-08,8,"a_2023",7
2024-01-09,3,"a_2023",5
2024-01-09,4,"a_2023",5
2024-01-09,5,"a_2023",94
2024-01-09,6,"a_2023",24
2024-01-09,7,"a_2023",34
2024-01-09,8,"a_2023",5
2024-01-10,3,"a_2023",5
2024-01-10,4,"a_2023",6
2024-01-10,5,"a_2023",107
2024-01-10,6,"a_2023",26
2024-01-10,7,"a_2023",40
2024-01-11,4,"a_2023",5
2024-01-11,5,"a_2023",122
2024-01-11,6,"a_2023",22
2024-01-11,7,"a_2023",48
2024-01-11,8,"a_2023",5
2024-01-12,4,"a_2023",9
2024-01-12,5,"a_2023",110
2024-01-12,6,"a_2023",41
2024-01-12,7,"a_2023",39
2024-01-12,8,"a_2023",5
2024-01-13,3,"a_2023",5
2024-01-13,4,"a_2023",5
2024-01-13,5,"a_2023",43
2024-01-13,6,"a_2023",16
2024-01-13,7,"a_2023",39
2024-01-13,8,"a_2023",5
2024-01-14,4,"a_2023",7
2024-01-14,5,"a_2023",24
2024-01-14,6,"a_2023",9
2024-01-14,7,"a_2023",5
2024-01-15,3,"a_2023",5
2024-01-15,4,"a_2023",5
2024-01-15,5,"a_2023",118
2024-01-15,6,"a_2023",45
2024-01-15,7,"a_2023",87
2024-01-16,3,"a_2023",5
2024-01-16,4,"a_2023",15
2024-01-16,5,"a_2023",157
2024-01-16,6,"a_2023",37
2024-01-16,7,"a_2023",60
2024-01-16,8,"a_2023",5
2024-01-16,9,"a_2023",5
2024-01-17,4,"a_2023",5
2024-01-17,5,"a_2023",107
2024-01-17,6,"a_2023",18
2024-01-17,7,"a_2023",16
2024-01-18,3,"a_2023",5
2024-01-18,4,"a_2023",5
2024-01-18,5,"a_2023",113
2024-01-18,6,"a_2023",16
2024-01-18,7,"a_2023",21
2024-01-19,3,"a_2023",5
2024-01-19,4,"a_2023",7
2024-01-19,5,"a_2023",76
2024-01-19,6,"a_2023",28
2024-01-19,7,"a_2023",40
2024-01-19,8,"a_2023",5
2024-01-19,9,"a_2023",5
2024-01-20,3,"a_2023",5
2024-01-20,4,"a_2023",6
2024-01-20,5,"a_2023",172
2024-01-20,6,"a_2023",9
2024-01-20,7,"a_2023",7
2024-01-20,8,"a_2023",5
2024-01-21,4,"a_2023",5
2024-01-21,5,"a_2023",10
2024-01-21,6,"a_2023",5
2024-01-21,7,"a_2023",5
2024-01-22,3,"a_2023",5
2024-01-22,4,"a_2023",6
2024-01-22,5,"a_2023",53
2024-01-22,6,"a_2023",14
2024-01-22,7,"a_2023",23
2024-01-22,8,"a_2023",5
2024-01-23,4,"a_2023",7
2024-01-23,5,"a_2023",78
2024-01-23,6,"a_2023",14
2024-01-23,7,"a_2023",12
2024-01-23,8,"a_2023",5
2024-01-24,3,"a_2023",5
2024-01-24,4,"a_2023",5
2024-01-24,5,"a_2023",50
2024-01-24,6,"a_2023",14
2024-01-24,7,"a_2023",21
2024-01-24,8,"a_2023",5
2024-01-25,3,"a_2023",5
2024-01-25,4,"a_2023",7
2024-01-25,5,"a_2023",64
2024-01-25,6,"a_2023",21
2024-01-25,7,"a_2023",26
2024-01-25,8,"a_2023",5
2024-01-26,4,"a_2023",7
2024-01-26,5,"a_2023",47
2024-01-26,6,"a_2023",17
2024-01-26,7,"a_2023",31
2024-01-26,8,"a_2023",7
2024-01-27,3,"a_2023",5
2024-01-27,4,"a_2023",6
2024-01-27,5,"a_2023",75
2024-01-27,6,"a_2023",11
2024-01-27,7,"a_2023",12
2024-01-27,8,"a_2023",5
2024-01-28,4,"a_2023",5
2024-01-28,5,"a_2023",11
2024-01-28,6,"a_2023",5
2024-01-28,7,"a_2023",5
2024-01-29,3,"a_2023",5
2024-01-29,4,"a_2023",5
2024-01-29,5,"a_2023",56
2024-01-29,6,"a_2023",32
2024-01-29,7,"a_2023",31
2024-01-29,8,"a_2023",19
2024-01-30,4,"a_2023",5
2024-01-30,5,"a_2023",40
2024-01-30,6,"a_2023",14
2024-01-30,7,"a_2023",23
2024-01-31,3,"a_2023",5
2024-01-31,4,"a_2023",6
2024-01-31,5,"a_2023",58
2024-01-31,6,"a_2023",16
2024-01-31,7,"a_2023",27
2024-04-15,3,"s_2024",5
2024-04-15,4,"s_2024",8
2024-04-15,5,"s_2024",22
2024-04-15,6,"s_2024",278
2024-04-15,7,"s_2024",544
2024-04-15,8,"s_2024",2579
2024-04-15,9,"s_2024",124
2024-04-15,10,"s_2024",5
2024-04-16,3,"s_2024",26
2024-04-16,4,"s_2024",158
2024-04-16,5,"s_2024",264
2024-04-16,6,"s_2024",496
2024-04-16,7,"s_2024",835
2024-04-16,8,"s_2024",3381
2024-04-16,9,"s_2024",124
2024-04-17,3,"s_2024",5
2024-04-17,4,"s_2024",10
2024-04-17,5,"s_2024",38
2024-04-17,6,"s_2024",333
2024-04-17,7,"s_2024",603
2024-04-17,8,"s_2024",2597
2024-04-17,9,"s_2024",114
2024-04-17,10,"s_2024",5
2024-04-18,3,"s_2024",5
2024-04-18,4,"s_2024",5
2024-04-18,5,"s_2024",32
2024-04-18,6,"s_2024",382
2024-04-18,7,"s_2024",835
2024-04-18,8,"s_2024",3439
2024-04-18,9,"s_2024",102
2024-04-19,3,"s_2024",6
2024-04-19,4,"s_2024",7
2024-04-19,5,"s_2024",28
2024-04-19,6,"s_2024",308
2024-04-19,7,"s_2024",700
2024-04-19,8,"s_2024",2712
2024-04-19,9,"s_2024",64
2024-04-20,4,"s_2024",5
2024-04-20,5,"s_2024",18
2024-04-20,6,"s_2024",199
2024-04-20,7,"s_2024",930
2024-04-20,8,"s_2024",2248
2024-04-20,9,"s_2024",142
2024-04-20,10,"s_2024",5
2024-04-21,4,"s_2024",5
2024-04-21,5,"s_2024",9
2024-04-21,6,"s_2024",50
2024-04-21,7,"s_2024",132
2024-04-21,8,"s_2024",976
2024-04-21,9,"s_2024",28
2024-04-22,3,"s_2024",5
2024-04-22,4,"s_2024",11
2024-04-22,5,"s_2024",30
2024-04-22,6,"s_2024",337
2024-04-22,7,"s_2024",724
2024-04-22,8,"s_2024",3170
2024-04-22,9,"s_2024",68
2024-04-23,3,"s_2024",5
2024-04-23,4,"s_2024",7
2024-04-23,5,"s_2024",48
2024-04-23,6,"s_2024",496
2024-04-23,7,"s_2024",1005
2024-04-23,8,"s_2024",3540
2024-04-23,9,"s_2024",109
2024-04-24,3,"s_2024",5
2024-04-24,4,"s_2024",8
2024-04-24,5,"s_2024",34
2024-04-24,6,"s_2024",495
2024-04-24,7,"s_2024",826
2024-04-24,8,"s_2024",3249
2024-04-24,9,"s_2024",97
2024-04-24,10,"s_2024",5
2024-04-25,4,"s_2024",9
2024-04-25,5,"s_2024",44
2024-04-25,6,"s_2024",580
2024-04-25,7,"s_2024",1136
2024-04-25,8,"s_2024",3753
2024-04-25,9,"s_2024",88
2024-04-26,3,"s_2024",5
2024-04-26,4,"s_2024",12
2024-04-26,5,"s_2024",38
2024-04-26,6,"s_2024",571
2024-04-26,7,"s_2024",894
2024-04-26,8,"s_2024",2904
2024-04-26,9,"s_2024",73
2024-04-27,3,"s_2024",5
2024-04-27,4,"s_2024",13
2024-04-27,5,"s_2024",28
2024-04-27,6,"s_2024",472
2024-04-27,7,"s_2024",721
2024-04-27,8,"s_2024",2699
2024-04-27,9,"s_2024",112
2024-04-28,3,"s_2024",5
2024-04-28,4,"s_2024",5
2024-04-28,5,"s_2024",13
2024-04-28,6,"s_2024",117
2024-04-28,7,"s_2024",159
2024-04-28,8,"s_2024",981
2024-04-28,9,"s_2024",20
2024-04-29,3,"s_2024",5
2024-04-29,4,"s_2024",10
2024-04-29,5,"s_2024",32
2024-04-29,6,"s_2024",409
2024-04-29,7,"s_2024",705
2024-04-29,8,"s_2024",2650
2024-04-29,9,"s_2024",67
2024-04-30,3,"s_2024",5
2024-04-30,4,"s_2024",8
2024-04-30,5,"s_2024",33
2024-04-30,6,"s_2024",382
2024-04-30,7,"s_2024",723
2024-04-30,8,"s_2024",2874
2024-04-30,9,"s_2024",60
2024-04-30,10,"s_2024",5
2024-05-01,3,"s_2024",5
2024-05-01,4,"s_2024",13
2024-05-01,5,"s_2024",40
2024-05-01,6,"s_2024",421
2024-05-01,7,"s_2024",820
2024-05-01,8,"s_2024",2787
2024-05-01,9,"s_2024",63
2024-05-02,3,"s_2024",5
2024-05-02,4,"s_2024",6
2024-05-02,5,"s_2024",34
2024-05-02,6,"s_2024",420
2024-05-02,7,"s_2024",855
2024-05-02,8,"s_2024",2975
2024-05-02,9,"s_2024",86
2024-05-03,3,"s_2024",5
2024-05-03,4,"s_2024",9
2024-05-03,5,"s_2024",34
2024-05-03,6,"s_2024",413
2024-05-03,7,"s_2024",618
2024-05-03,8,"s_2024",2303
2024-05-03,9,"s_2024",44
2024-05-04,4,"s_2024",5
2024-05-04,5,"s_2024",13
2024-05-04,6,"s_2024",216
2024-05-04,7,"s_2024",283
2024-05-04,8,"s_2024",1226
2024-05-04,9,"s_2024",41
2024-05-05,4,"s_2024",5
2024-05-05,5,"s_2024",7
2024-05-05,6,"s_2024",94
2024-05-05,7,"s_2024",129
2024-05-05,8,"s_2024",753
2024-05-05,9,"s_2024",17
2024-05-05,10,"s_2024",5
2024-05-06,5,"s_2024",6
2024-05-06,6,"s_2024",73
2024-05-06,7,"s_2024",102
2024-05-06,8,"s_2024",336
2024-05-06,9,"s_2024",18
2024-05-07,3,"s_2024",5
2024-05-07,4,"s_2024",5
2024-05-07,5,"s_2024",32
2024-05-07,6,"s_2024",380
2024-05-07,7,"s_2024",702
2024-05-07,8,"s_2024",2583
2024-05-07,9,"s_2024",67
2024-05-07,10,"s_2024",5
2024-05-08,3,"s_2024",5
2024-05-08,4,"s_2024",15
2024-05-08,5,"s_2024",26
2024-05-08,6,"s_2024",412
2024-05-08,7,"s_2024",634
2024-05-08,8,"s_2024",2325
2024-05-08,9,"s_2024",57
2024-05-09,3,"s_2024",5
2024-05-09,4,"s_2024",5
2024-05-09,5,"s_2024",28
2024-05-09,6,"s_2024",414
2024-05-09,7,"s_2024",862
2024-05-09,8,"s_2024",2797
2024-05-09,9,"s_2024",85
2024-05-09,10,"s_2024",5
2024-05-10,3,"s_2024",5
2024-05-10,4,"s_2024",5
2024-05-10,5,"s_2024",20
2024-05-10,6,"s_2024",327
2024-05-10,7,"s_2024",584
2024-05-10,8,"s_2024",2546
2024-05-10,9,"s_2024",56
2024-05-11,3,"s_2024",5
2024-05-11,4,"s_2024",5
2024-05-11,5,"s_2024",35
2024-05-11,6,"s_2024",313
2024-05-11,7,"s_2024",617
2024-05-11,8,"s_2024",1663
2024-05-11,9,"s_2024",47
2024-05-12,4,"s_2024",5
2024-05-12,5,"s_2024",8
2024-05-12,6,"s_2024",95
2024-05-12,7,"s_2024",171
2024-05-12,8,"s_2024",662
2024-05-12,9,"s_2024",21
2024-05-13,3,"s_2024",5
2024-05-13,4,"s_2024",7
2024-05-13,5,"s_2024",22
2024-05-13,6,"s_2024",292
2024-05-13,7,"s_2024",513
2024-05-13,8,"s_2024",1767
2024-05-13,9,"s_2024",56
2024-05-14,3,"s_2024",5
2024-05-14,4,"s_2024",8
2024-05-14,5,"s_2024",39
2024-05-14,6,"s_2024",387
2024-05-14,7,"s_2024",765
2024-05-14,8,"s_2024",2384
2024-05-14,9,"s_2024",75
2024-05-15,3,"s_2024",5
2024-05-15,4,"s_2024",5
2024-05-15,5,"s_2024",25
2024-05-15,6,"s_2024",366
2024-05-15,7,"s_2024",612
2024-05-15,8,"s_2024",2013
2024-05-15,9,"s_2024",52
2024-05-16,3,"s_2024",5
2024-05-16,4,"s_2024",5
2024-05-16,5,"s_2024",30
2024-05-16,6,"s_2024",438
2024-05-16,7,"s_2024",637
2024-05-16,8,"s_2024",1900
2024-05-16,9,"s_2024",62
2024-05-17,3,"s_2024",5
2024-05-17,4,"s_2024",5
2024-05-17,5,"s_2024",36
2024-05-17,6,"s_2024",352
2024-05-17,7,"s_2024",542
2024-05-17,8,"s_2024",1652
2024-05-17,9,"s_2024",56
2024-05-18,3,"s_2024",5
2024-05-18,4,"s_2024",5
2024-05-18,5,"s_2024",28
2024-05-18,6,"s_2024",204
2024-05-18,7,"s_2024",292
2024-05-18,8,"s_2024",895
2024-05-18,9,"s_2024",38
2024-05-19,5,"s_2024",27
2024-05-19,6,"s_2024",144
2024-05-19,7,"s_2024",166
2024-05-19,8,"s_2024",538
2024-05-19,9,"s_2024",22
2024-05-20,3,"s_2024",5
2024-05-20,4,"s_2024",5
2024-05-20,5,"s_2024",40
2024-05-20,6,"s_2024",315
2024-05-20,7,"s_2024",500
2024-05-20,8,"s_2024",1493
2024-05-20,9,"s_2024",42
2024-05-21,3,"s_2024",6
2024-05-21,4,"s_2024",7
2024-05-21,5,"s_2024",41
2024-05-21,6,"s_2024",419
2024-05-21,7,"s_2024",744
2024-05-21,8,"s_2024",1753
2024-05-21,9,"s_2024",46
2024-05-21,10,"s_2024",5
2024-05-22,3,"s_2024",5
2024-05-22,4,"s_2024",5
2024-05-22,5,"s_2024",51
2024-05-22,6,"s_2024",336
2024-05-22,7,"s_2024",501
2024-05-22,8,"s_2024",1519
2024-05-22,9,"s_2024",42
2024-05-22,10,"s_2024",5
2024-05-23,3,"s_2024",5
2024-05-23,4,"s_2024",7
2024-05-23,5,"s_2024",38
2024-05-23,6,"s_2024",306
2024-05-23,7,"s_2024",487
2024-05-23,8,"s_2024",1385
2024-05-23,9,"s_2024",58
2024-05-24,3,"s_2024",5
2024-05-24,4,"s_2024",16
2024-05-24,5,"s_2024",40
2024-05-24,6,"s_2024",257
2024-05-24,7,"s_2024",481
2024-05-24,8,"s_2024",1093
2024-05-24,9,"s_2024",32
2024-05-25,4,"s_2024",5
2024-05-25,5,"s_2024",11
2024-05-25,6,"s_2024",142
2024-05-25,7,"s_2024",205
2024-05-25,8,"s_2024",708
2024-05-25,9,"s_2024",20
2024-05-26,4,"s_2024",5
2024-05-26,5,"s_2024",7
2024-05-26,6,"s_2024",135
2024-05-26,7,"s_2024",169
2024-05-26,8,"s_2024",385
2024-05-26,9,"s_2024",12
2024-05-27,4,"s_2024",6
2024-05-27,5,"s_2024",22
2024-05-27,6,"s_2024",181
2024-05-27,7,"s_2024",189
2024-05-27,8,"s_2024",725
2024-05-27,9,"s_2024",27
2024-05-28,3,"s_2024",5
2024-05-28,4,"s_2024",8
2024-05-28,5,"s_2024",27
2024-05-28,6,"s_2024",287
2024-05-28,7,"s_2024",455
2024-05-28,8,"s_2024",1222
2024-05-28,9,"s_2024",44
2024-05-29,4,"s_2024",5
2024-05-29,5,"s_2024",24
2024-05-29,6,"s_2024",261
2024-05-29,7,"s_2024",321
2024-05-29,8,"s_2024",793
2024-05-29,9,"s_2024",42
2024-05-30,3,"s_2024",5
2024-05-30,4,"s_2024",5
2024-05-30,5,"s_2024",32
2024-05-30,6,"s_2024",400
2024-05-30,7,"s_2024",555
2024-05-30,8,"s_2024",1109
2024-05-30,9,"s_2024",45
2024-05-31,4,"s_2024",9
2024-05-31,5,"s_2024",29
2024-05-31,6,"s_2024",326
2024-05-31,7,"s_2024",444
2024-05-31,8,"s_2024",1019
2024-05-31,9,"s_2024",41
2024-06-01,4,"s_2024",5
2024-06-01,5,"s_2024",14
2024-06-01,6,"s_2024",278
2024-06-01,7,"s_2024",322
2024-06-01,8,"s_2024",420
2024-06-01,9,"s_2024",30
2024-06-02,5,"s_2024",5
2024-06-02,6,"s_2024",143
2024-06-02,7,"s_2024",104
2024-06-02,8,"s_2024",203
2024-06-02,9,"s_2024",12
2024-06-03,4,"s_2024",5
2024-06-03,5,"s_2024",20
2024-06-03,6,"s_2024",266
2024-06-03,7,"s_2024",275
2024-06-03,8,"s_2024",558
2024-06-03,9,"s_2024",29
2024-06-04,3,"s_2024",5
2024-06-04,4,"s_2024",5
2024-06-04,5,"s_2024",18
2024-06-04,6,"s_2024",296
2024-06-04,7,"s_2024",290
2024-06-04,8,"s_2024",574
2024-06-04,9,"s_2024",23
2024-06-05,3,"s_2024",5
2024-06-05,4,"s_2024",5
2024-06-05,5,"s_2024",21
2024-06-05,6,"s_2024",307
2024-06-05,7,"s_2024",381
2024-06-05,8,"s_2024",615
2024-06-05,9,"s_2024",25
2024-06-06,3,"s_2024",5
2024-06-06,4,"s_2024",5
2024-06-06,5,"s_2024",15
2024-06-06,6,"s_2024",212
2024-06-06,7,"s_2024",292
2024-06-06,8,"s_2024",563
2024-06-06,9,"s_2024",14
2024-06-07,4,"s_2024",5
2024-06-07,5,"s_2024",22
2024-06-07,6,"s_2024",216
2024-06-07,7,"s_2024",282
2024-06-07,8,"s_2024",698
2024-06-07,9,"s_2024",34
2024-06-08,4,"s_2024",5
2024-06-08,5,"s_2024",5
2024-06-08,6,"s_2024",152
2024-06-08,7,"s_2024",179
2024-06-08,8,"s_2024",419
2024-06-08,9,"s_2024",57
2024-06-09,4,"s_2024",5
2024-06-09,5,"s_2024",9
2024-06-09,6,"s_2024",73
2024-06-09,7,"s_2024",115
2024-06-09,8,"s_2024",236
2024-06-09,9,"s_2024",31
2024-06-10,3,"s_2024",5
2024-06-10,4,"s_2024",5
2024-06-10,5,"s_2024",17
2024-06-10,6,"s_2024",142
2024-06-10,7,"s_2024",145
2024-06-10,8,"s_2024",375
2024-06-10,9,"s_2024",27
2024-06-11,3,"s_2024",5
2024-06-11,4,"s_2024",5
2024-06-11,5,"s_2024",28
2024-06-11,6,"s_2024",160
2024-06-11,7,"s_2024",205
2024-06-11,8,"s_2024",349
2024-06-11,9,"s_2024",24
2024-06-12,3,"s_2024",5
2024-06-12,4,"s_2024",5
2024-06-12,5,"s_2024",22
2024-06-12,6,"s_2024",91
2024-06-12,7,"s_2024",174
2024-06-12,8,"s_2024",279
2024-06-12,9,"s_2024",18
2024-06-13,3,"s_2024",5
2024-06-13,4,"s_2024",5
2024-06-13,5,"s_2024",12
2024-06-13,6,"s_2024",120
2024-06-13,7,"s_2024",160
2024-06-13,8,"s_2024",396
2024-06-13,9,"s_2024",31
2024-06-14,4,"s_2024",5
2024-06-14,5,"s_2024",10
2024-06-14,6,"s_2024",117
2024-06-14,7,"s_2024",118
2024-06-14,8,"s_2024",341
2024-06-14,9,"s_2024",20
2024-06-15,4,"s_2024",5
2024-06-15,5,"s_2024",10
2024-06-15,6,"s_2024",145
2024-06-15,7,"s_2024",187
2024-06-15,8,"s_2024",316
2024-06-15,9,"s_2024",32
2024-06-16,4,"s_2024",5
2024-06-16,5,"s_2024",6
2024-06-16,6,"s_2024",63
2024-06-16,7,"s_2024",77
2024-06-16,8,"s_2024",146
2024-06-16,9,"s_2024",12
2024-06-17,3,"s_2024",5
2024-06-17,4,"s_2024",5
2024-06-17,5,"s_2024",12
2024-06-17,6,"s_2024",81
2024-06-17,7,"s_2024",105
2024-06-17,8,"s_2024",285
2024-06-17,9,"s_2024",28
2024-06-18,4,"s_2024",11
2024-06-18,5,"s_2024",13
2024-06-18,6,"s_2024",102
2024-06-18,7,"s_2024",138
2024-06-18,8,"s_2024",296
2024-06-18,9,"s_2024",29
2024-06-18,10,"s_2024",5
2024-06-19,3,"s_2024",5
2024-06-19,4,"s_2024",5
2024-06-19,5,"s_2024",13
2024-06-19,6,"s_2024",57
2024-06-19,7,"s_2024",120
2024-06-19,8,"s_2024",252
2024-06-19,9,"s_2024",11
2024-06-20,3,"s_2024",5
2024-06-20,4,"s_2024",5
2024-06-20,5,"s_2024",18
2024-06-20,6,"s_2024",56
2024-06-20,7,"s_2024",100
2024-06-20,8,"s_2024",261
2024-06-20,9,"s_2024",17
2024-06-21,3,"s_2024",5
2024-06-21,4,"s_2024",5
2024-06-21,5,"s_2024",7
2024-06-21,6,"s_2024",71
2024-06-21,7,"s_2024",92
2024-06-21,8,"s_2024",186
2024-06-21,9,"s_2024",12
2024-06-22,4,"s_2024",5
2024-06-22,5,"s_2024",8
2024-06-22,6,"s_2024",76
2024-06-22,7,"s_2024",109
2024-06-22,8,"s_2024",218
2024-06-22,9,"s_2024",20
2024-06-23,4,"s_2024",5
2024-06-23,5,"s_2024",6
2024-06-23,6,"s_2024",16
2024-06-23,7,"s_2024",24
2024-06-23,8,"s_2024",52
2024-06-23,9,"s_2024",5
2024-06-24,4,"s_2024",5
2024-06-24,5,"s_2024",5
2024-06-24,6,"s_2024",98
2024-06-24,7,"s_2024",78
2024-06-24,8,"s_2024",170
2024-06-24,9,"s_2024",8
2024-06-25,3,"s_2024",5
2024-06-25,4,"s_2024",5
2024-06-25,5,"s_2024",9
2024-06-25,6,"s_2024",47
2024-06-25,7,"s_2024",78
2024-06-25,8,"s_2024",150
2024-06-25,9,"s_2024",10
2024-06-26,3,"s_2024",5
2024-06-26,4,"s_2024",5
2024-06-26,5,"s_2024",5
2024-06-26,6,"s_2024",62
2024-06-26,7,"s_2024",62
2024-06-26,8,"s_2024",135
2024-06-26,9,"s_2024",10
2024-06-27,4,"s_2024",5
2024-06-27,5,"s_2024",7
2024-06-27,6,"s_2024",47
2024-06-27,7,"s_2024",73
2024-06-27,8,"s_2024",122
2024-06-27,9,"s_2024",13
2024-06-28,3,"s_2024",5
2024-06-28,4,"s_2024",5
2024-06-28,5,"s_2024",6
2024-06-28,6,"s_2024",68
2024-06-28,7,"s_2024",98
2024-06-28,8,"s_2024",182
2024-06-28,9,"s_2024",16
2024-06-29,3,"s_2024",5
2024-06-29,4,"s_2024",5
2024-06-29,5,"s_2024",6
2024-06-29,6,"s_2024",81
2024-06-29,7,"s_2024",83
2024-06-29,8,"s_2024",190
2024-06-29,9,"s_2024",26
2024-06-30,5,"s_2024",5
2024-06-30,6,"s_2024",5
2024-06-30,7,"s_2024",17
2024-06-30,8,"s_2024",26
2024-06-30,9,"s_2024",5
2024-10-03,3,"a_2024",5
2024-10-03,4,"a_2024",7
2024-10-03,5,"a_2024",73
2024-10-03,6,"a_2024",863
2024-10-03,7,"a_2024",412
2024-10-03,8,"a_2024",648
2024-10-03,9,"a_2024",1714
2024-10-03,10,"a_2024",56
2024-10-04,3,"a_2024",5
2024-10-04,4,"a_2024",8
2024-10-04,5,"a_2024",79
2024-10-04,6,"a_2024",735
2024-10-04,7,"a_2024",266
2024-10-04,8,"a_2024",472
2024-10-04,9,"a_2024",1373
2024-10-04,10,"a_2024",48
2024-10-05,3,"a_2024",10
2024-10-05,4,"a_2024",24
2024-10-05,5,"a_2024",233
2024-10-05,6,"a_2024",2118
2024-10-05,7,"a_2024",812
2024-10-05,8,"a_2024",1606
2024-10-05,9,"a_2024",3693
2024-10-05,10,"a_2024",217
2024-10-05,11,"a_2024",5
2024-10-06,4,"a_2024",5
2024-10-06,5,"a_2024",11
2024-10-06,6,"a_2024",308
2024-10-06,7,"a_2024",152
2024-10-06,8,"a_2024",217
2024-10-06,9,"a_2024",808
2024-10-06,10,"a_2024",27
2024-10-07,3,"a_2024",5
2024-10-07,4,"a_2024",18
2024-10-07,5,"a_2024",83
2024-10-07,6,"a_2024",1061
2024-10-07,7,"a_2024",353
2024-10-07,8,"a_2024",593
2024-10-07,9,"a_2024",1514
2024-10-07,10,"a_2024",57
2024-10-08,3,"a_2024",30
2024-10-08,4,"a_2024",137
2024-10-08,5,"a_2024",337
2024-10-08,6,"a_2024",1680
2024-10-08,7,"a_2024",627
2024-10-08,8,"a_2024",856
2024-10-08,9,"a_2024",2492
2024-10-08,10,"a_2024",71
2024-10-09,3,"a_2024",5
2024-10-09,4,"a_2024",19
2024-10-09,5,"a_2024",146
2024-10-09,6,"a_2024",1304
2024-10-09,7,"a_2024",583
2024-10-09,8,"a_2024",854
2024-10-09,9,"a_2024",2573
2024-10-09,10,"a_2024",58
2024-10-10,3,"a_2024",6
2024-10-10,4,"a_2024",24
2024-10-10,5,"a_2024",156
2024-10-10,6,"a_2024",1567
2024-10-10,7,"a_2024",571
2024-10-10,8,"a_2024",831
2024-10-10,9,"a_2024",2261
2024-10-10,10,"a_2024",75
2024-10-11,3,"a_2024",5
2024-10-11,4,"a_2024",19
2024-10-11,5,"a_2024",177
2024-10-11,6,"a_2024",1800
2024-10-11,7,"a_2024",566
2024-10-11,8,"a_2024",789
2024-10-11,9,"a_2024",2071
2024-10-11,10,"a_2024",54
2024-10-12,3,"a_2024",12
2024-10-12,4,"a_2024",43
2024-10-12,5,"a_2024",290
2024-10-12,6,"a_2024",3443
2024-10-12,7,"a_2024",877
2024-10-12,8,"a_2024",1473
2024-10-12,9,"a_2024",3218
2024-10-12,10,"a_2024",219
2024-10-12,11,"a_2024",5
2024-10-13,3,"a_2024",5
2024-10-13,4,"a_2024",6
2024-10-13,5,"a_2024",35
2024-10-13,6,"a_2024",641
2024-10-13,7,"a_2024",237
2024-10-13,8,"a_2024",256
2024-10-13,9,"a_2024",627
2024-10-13,10,"a_2024",59
2024-10-14,3,"a_2024",5
2024-10-14,4,"a_2024",21
2024-10-14,5,"a_2024",179
2024-10-14,6,"a_2024",1685
2024-10-14,7,"a_2024",729
2024-10-14,8,"a_2024",1073
2024-10-14,9,"a_2024",2926
2024-10-14,10,"a_2024",103
2024-10-15,3,"a_2024",26
2024-10-15,4,"a_2024",115
2024-10-15,5,"a_2024",337
2024-10-15,6,"a_2024",2125
2024-10-15,7,"a_2024",765
2024-10-15,8,"a_2024",1033
2024-10-15,9,"a_2024",3072
2024-10-15,10,"a_2024",73
2024-10-16,3,"a_2024",5
2024-10-16,4,"a_2024",34
2024-10-16,5,"a_2024",149
2024-10-16,6,"a_2024",1473
2024-10-16,7,"a_2024",566
2024-10-16,8,"a_2024",954
2024-10-16,9,"a_2024",2690
2024-10-16,10,"a_2024",56
2024-10-17,3,"a_2024",6
2024-10-17,4,"a_2024",19
2024-10-17,5,"a_2024",165
2024-10-17,6,"a_2024",1547
2024-10-17,7,"a_2024",579
2024-10-17,8,"a_2024",848
2024-10-17,9,"a_2024",2571
2024-10-17,10,"a_2024",51
2024-10-18,3,"a_2024",5
2024-10-18,4,"a_2024",24
2024-10-18,5,"a_2024",145
2024-10-18,6,"a_2024",1252
2024-10-18,7,"a_2024",539
2024-10-18,8,"a_2024",716
2024-10-18,9,"a_2024",2593
2024-10-18,10,"a_2024",40
2024-10-19,3,"a_2024",12
2024-10-19,4,"a_2024",42
2024-10-19,5,"a_2024",344
2024-10-19,6,"a_2024",3657
2024-10-19,7,"a_2024",911
2024-10-19,8,"a_2024",1100
2024-10-19,9,"a_2024",2573
2024-10-19,10,"a_2024",150
2024-10-19,11,"a_2024",5
2024-10-20,4,"a_2024",7
2024-10-20,5,"a_2024",28
2024-10-20,6,"a_2024",815
2024-10-20,7,"a_2024",125
2024-10-20,8,"a_2024",181
2024-10-20,9,"a_2024",479
2024-10-20,10,"a_2024",24
2024-10-21,3,"a_2024",5
2024-10-21,4,"a_2024",14
2024-10-21,5,"a_2024",122
2024-10-21,6,"a_2024",1394
2024-10-21,7,"a_2024",473
2024-10-21,8,"a_2024",855
2024-10-21,9,"a_2024",2537
2024-10-21,10,"a_2024",60
2024-10-22,3,"a_2024",16
2024-10-22,4,"a_2024",121
2024-10-22,5,"a_2024",314
2024-10-22,6,"a_2024",1962
2024-10-22,7,"a_2024",624
2024-10-22,8,"a_2024",1008
2024-10-22,9,"a_2024",2523
2024-10-22,10,"a_2024",62
2024-10-22,11,"a_2024",5
2024-10-23,3,"a_2024",7
2024-10-23,4,"a_2024",20
2024-10-23,5,"a_2024",155
2024-10-23,6,"a_2024",1734
2024-10-23,7,"a_2024",519
2024-10-23,8,"a_2024",773
2024-10-23,9,"a_2024",2100
2024-10-23,10,"a_2024",64
2024-10-23,11,"a_2024",5
2024-10-24,3,"a_2024",6
2024-10-24,4,"a_2024",30
2024-10-24,5,"a_2024",182
2024-10-24,6,"a_2024",1990
2024-10-24,7,"a_2024",662
2024-10-24,8,"a_2024",696
2024-10-24,9,"a_2024",2173
2024-10-24,10,"a_2024",46
2024-10-25,3,"a_2024",5
2024-10-25,4,"a_2024",27
2024-10-25,5,"a_2024",150
2024-10-25,6,"a_2024",1781
2024-10-25,7,"a_2024",496
2024-10-25,8,"a_2024",844
2024-10-25,9,"a_2024",2443
2024-10-25,10,"a_2024",60
2024-10-26,3,"a_2024",5
2024-10-26,4,"a_2024",19
2024-10-26,5,"a_2024",199
2024-10-26,6,"a_2024",2355
2024-10-26,7,"a_2024",404
2024-10-26,8,"a_2024",632
2024-10-26,9,"a_2024",1501
2024-10-26,10,"a_2024",71
2024-10-27,3,"a_2024",5
2024-10-27,4,"a_2024",14
2024-10-27,5,"a_2024",55
2024-10-27,6,"a_2024",1287
2024-10-27,7,"a_2024",116
2024-10-27,8,"a_2024",140
2024-10-27,9,"a_2024",428
2024-10-27,10,"a_2024",11
2024-10-28,3,"a_2024",5
2024-10-28,4,"a_2024",17
2024-10-28,5,"a_2024",111
2024-10-28,6,"a_2024",1731
2024-10-28,7,"a_2024",373
2024-10-28,8,"a_2024",619
2024-10-28,9,"a_2024",1750
2024-10-28,10,"a_2024",43
2024-10-29,3,"a_2024",6
2024-10-29,4,"a_2024",20
2024-10-29,5,"a_2024",145
2024-10-29,6,"a_2024",2041
2024-10-29,7,"a_2024",409
2024-10-29,8,"a_2024",634
2024-10-29,9,"a_2024",1798
2024-10-29,10,"a_2024",57
2024-10-30,3,"a_2024",7
2024-10-30,4,"a_2024",19
2024-10-30,5,"a_2024",166
2024-10-30,6,"a_2024",1972
2024-10-30,7,"a_2024",428
2024-10-30,8,"a_2024",608
2024-10-30,9,"a_2024",1565
2024-10-30,10,"a_2024",39
2024-10-31,3,"a_2024",5
2024-10-31,4,"a_2024",24
2024-10-31,5,"a_2024",107
2024-10-31,6,"a_2024",1348
2024-10-31,7,"a_2024",295
2024-10-31,8,"a_2024",481
2024-10-31,9,"a_2024",1438
2024-10-31,10,"a_2024",28
2024-11-01,3,"a_2024",5
2024-11-01,4,"a_2024",17
2024-11-01,5,"a_2024",128
2024-11-01,6,"a_2024",1642
2024-11-01,7,"a_2024",290
2024-11-01,8,"a_2024",403
2024-11-01,9,"a_2024",1145
2024-11-01,10,"a_2024",35
2024-11-02,3,"a_2024",6
2024-11-02,4,"a_2024",20
2024-11-02,5,"a_2024",94
2024-11-02,6,"a_2024",1885
2024-11-02,7,"a_2024",203
2024-11-02,8,"a_2024",243
2024-11-02,9,"a_2024",630
2024-11-02,10,"a_2024",53
2024-11-03,3,"a_2024",5
2024-11-03,4,"a_2024",9
2024-11-03,5,"a_2024",83
2024-11-03,6,"a_2024",1200
2024-11-03,7,"a_2024",71
2024-11-03,8,"a_2024",84
2024-11-03,9,"a_2024",234
2024-11-03,10,"a_2024",16
2024-11-04,3,"a_2024",5
2024-11-04,4,"a_2024",25
2024-11-04,5,"a_2024",156
2024-11-04,6,"a_2024",1531
2024-11-04,7,"a_2024",380
2024-11-04,8,"a_2024",601
2024-11-04,9,"a_2024",1419
2024-11-04,10,"a_2024",43
2024-11-05,3,"a_2024",5
2024-11-05,4,"a_2024",19
2024-11-05,5,"a_2024",153
2024-11-05,6,"a_2024",1752
2024-11-05,7,"a_2024",368
2024-11-05,8,"a_2024",507
2024-11-05,9,"a_2024",1397
2024-11-05,10,"a_2024",49
2024-11-06,3,"a_2024",5
2024-11-06,4,"a_2024",13
2024-11-06,5,"a_2024",144
2024-11-06,6,"a_2024",1844
2024-11-06,7,"a_2024",352
2024-11-06,8,"a_2024",498
2024-11-06,9,"a_2024",1359
2024-11-06,10,"a_2024",48
2024-11-07,3,"a_2024",10
2024-11-07,4,"a_2024",18
2024-11-07,5,"a_2024",166
2024-11-07,6,"a_2024",2001
2024-11-07,7,"a_2024",355
2024-11-07,8,"a_2024",518
2024-11-07,9,"a_2024",1140
2024-11-07,10,"a_2024",45
2024-11-08,3,"a_2024",6
2024-11-08,4,"a_2024",18
2024-11-08,5,"a_2024",147
2024-11-08,6,"a_2024",1810
2024-11-08,7,"a_2024",359
2024-11-08,8,"a_2024",431
2024-11-08,9,"a_2024",1062
2024-11-08,10,"a_2024",33
2024-11-09,3,"a_2024",10
2024-11-09,4,"a_2024",20
2024-11-09,5,"a_2024",102
2024-11-09,6,"a_2024",1091
2024-11-09,7,"a_2024",184
2024-11-09,8,"a_2024",228
2024-11-09,9,"a_2024",546
2024-11-09,10,"a_2024",83
2024-11-10,4,"a_2024",5
2024-11-10,5,"a_2024",51
2024-11-10,6,"a_2024",580
2024-11-10,7,"a_2024",68
2024-11-10,8,"a_2024",196
2024-11-10,9,"a_2024",223
2024-11-10,10,"a_2024",35
2024-11-11,3,"a_2024",5
2024-11-11,4,"a_2024",26
2024-11-11,5,"a_2024",178
2024-11-11,6,"a_2024",1686
2024-11-11,7,"a_2024",317
2024-11-11,8,"a_2024",451
2024-11-11,9,"a_2024",1023
2024-11-11,10,"a_2024",45
2024-11-11,11,"a_2024",5
2024-11-12,3,"a_2024",7
2024-11-12,4,"a_2024",34
2024-11-12,5,"a_2024",173
2024-11-12,6,"a_2024",2010
2024-11-12,7,"a_2024",382
2024-11-12,8,"a_2024",467
2024-11-12,9,"a_2024",1022
2024-11-12,10,"a_2024",31
2024-11-13,3,"a_2024",7
2024-11-13,4,"a_2024",30
2024-11-13,5,"a_2024",256
2024-11-13,6,"a_2024",2279
2024-11-13,7,"a_2024",489
2024-11-13,8,"a_2024",416
2024-11-13,9,"a_2024",962
2024-11-13,10,"a_2024",40
2024-11-14,3,"a_2024",6
2024-11-14,4,"a_2024",24
2024-11-14,5,"a_2024",206
2024-11-14,6,"a_2024",2198
2024-11-14,7,"a_2024",256
2024-11-14,8,"a_2024",376
2024-11-14,9,"a_2024",728
2024-11-14,10,"a_2024",47
2024-11-15,3,"a_2024",5
2024-11-15,4,"a_2024",17
2024-11-15,5,"a_2024",171
2024-11-15,6,"a_2024",2150
2024-11-15,7,"a_2024",297
2024-11-15,8,"a_2024",378
2024-11-15,9,"a_2024",665
2024-11-15,10,"a_2024",35
2024-11-16,3,"a_2024",8
2024-11-16,4,"a_2024",18
2024-11-16,5,"a_2024",128
2024-11-16,6,"a_2024",1410
2024-11-16,7,"a_2024",123
2024-11-16,8,"a_2024",181
2024-11-16,9,"a_2024",381
2024-11-16,10,"a_2024",32
2024-11-17,3,"a_2024",5
2024-11-17,4,"a_2024",11
2024-11-17,5,"a_2024",80
2024-11-17,6,"a_2024",877
2024-11-17,7,"a_2024",52
2024-11-17,8,"a_2024",93
2024-11-17,9,"a_2024",213
2024-11-17,10,"a_2024",10
2024-11-18,3,"a_2024",5
2024-11-18,4,"a_2024",26
2024-11-18,5,"a_2024",197
2024-11-18,6,"a_2024",1993
2024-11-18,7,"a_2024",252
2024-11-18,8,"a_2024",344
2024-11-18,9,"a_2024",708
2024-11-18,10,"a_2024",36
2024-11-19,3,"a_2024",7
2024-11-19,4,"a_2024",17
2024-11-19,5,"a_2024",184
2024-11-19,6,"a_2024",2434
2024-11-19,7,"a_2024",278
2024-11-19,8,"a_2024",304
2024-11-19,9,"a_2024",546
2024-11-19,10,"a_2024",32
2024-11-20,3,"a_2024",8
2024-11-20,4,"a_2024",25
2024-11-20,5,"a_2024",204
2024-11-20,6,"a_2024",2365
2024-11-20,7,"a_2024",247
2024-11-20,8,"a_2024",259
2024-11-20,9,"a_2024",553
2024-11-20,10,"a_2024",37
2024-11-21,3,"a_2024",5
2024-11-21,4,"a_2024",22
2024-11-21,5,"a_2024",231
2024-11-21,6,"a_2024",2322
2024-11-21,7,"a_2024",293
2024-11-21,8,"a_2024",311
2024-11-21,9,"a_2024",631
2024-11-21,10,"a_2024",43
2024-11-22,3,"a_2024",5
2024-11-22,4,"a_2024",15
2024-11-22,5,"a_2024",179
2024-11-22,6,"a_2024",2292
2024-11-22,7,"a_2024",235
2024-11-22,8,"a_2024",281
2024-11-22,9,"a_2024",550
2024-11-22,10,"a_2024",39
2024-11-23,3,"a_2024",5
2024-11-23,4,"a_2024",20
2024-11-23,5,"a_2024",126
2024-11-23,6,"a_2024",1695
2024-11-23,7,"a_2024",86
2024-11-23,8,"a_2024",120
2024-11-23,9,"a_2024",219
2024-11-23,10,"a_2024",16
2024-11-24,3,"a_2024",5
2024-11-24,4,"a_2024",7
2024-11-24,5,"a_2024",72
2024-11-24,6,"a_2024",887
2024-11-24,7,"a_2024",50
2024-11-24,8,"a_2024",55
2024-11-24,9,"a_2024",147
2024-11-24,10,"a_2024",8
2024-11-25,3,"a_2024",9
2024-11-25,4,"a_2024",20
2024-11-25,5,"a_2024",175
2024-11-25,6,"a_2024",2234
2024-11-25,7,"a_2024",202
2024-11-25,8,"a_2024",216
2024-11-25,9,"a_2024",520
2024-11-25,10,"a_2024",24
2024-11-26,3,"a_2024",5
2024-11-26,4,"a_2024",15
2024-11-26,5,"a_2024",179
2024-11-26,6,"a_2024",2387
2024-11-26,7,"a_2024",200
2024-11-26,8,"a_2024",240
2024-11-26,9,"a_2024",469
2024-11-26,10,"a_2024",29
2024-11-27,3,"a_2024",5
2024-11-27,4,"a_2024",18
2024-11-27,5,"a_2024",223
2024-11-27,6,"a_2024",2463
2024-11-27,7,"a_2024",213
2024-11-27,8,"a_2024",261
2024-11-27,9,"a_2024",512
2024-11-27,10,"a_2024",26
2024-11-27,11,"a_2024",5
2024-11-28,3,"a_2024",7
2024-11-28,4,"a_2024",17
2024-11-28,5,"a_2024",229
2024-11-28,6,"a_2024",2241
2024-11-28,7,"a_2024",235
2024-11-28,8,"a_2024",270
2024-11-28,9,"a_2024",595
2024-11-28,10,"a_2024",32
2024-11-29,3,"a_2024",5
2024-11-29,4,"a_2024",16
2024-11-29,5,"a_2024",197
2024-11-29,6,"a_2024",2085
2024-11-29,7,"a_2024",250
2024-11-29,8,"a_2024",247
2024-11-29,9,"a_2024",555
2024-11-29,10,"a_2024",22
2024-11-30,3,"a_2024",5
2024-11-30,4,"a_2024",19
2024-11-30,5,"a_2024",102
2024-11-30,6,"a_2024",1339
2024-11-30,7,"a_2024",89
2024-11-30,8,"a_2024",117
2024-11-30,9,"a_2024",258
2024-11-30,10,"a_2024",19
2024-11-30,11,"a_2024",5
2024-12-01,3,"a_2024",5
2024-12-01,4,"a_2024",6
2024-12-01,5,"a_2024",28
2024-12-01,6,"a_2024",483
2024-12-01,7,"a_2024",52
2024-12-01,8,"a_2024",93
2024-12-01,9,"a_2024",212
2024-12-01,10,"a_2024",19
2024-12-02,3,"a_2024",5
2024-12-02,4,"a_2024",19
2024-12-02,5,"a_2024",165
2024-12-02,6,"a_2024",1670
2024-12-02,7,"a_2024",165
2024-12-02,8,"a_2024",202
2024-12-02,9,"a_2024",432
2024-12-02,10,"a_2024",25
2024-12-03,3,"a_2024",7
2024-12-03,4,"a_2024",18
2024-12-03,5,"a_2024",126
2024-12-03,6,"a_2024",1923
2024-12-03,7,"a_2024",185
2024-12-03,8,"a_2024",198
2024-12-03,9,"a_2024",366
2024-12-03,10,"a_2024",23
2024-12-04,3,"a_2024",7
2024-12-04,4,"a_2024",15
2024-12-04,5,"a_2024",143
2024-12-04,6,"a_2024",1768
2024-12-04,7,"a_2024",138
2024-12-04,8,"a_2024",215
2024-12-04,9,"a_2024",337
2024-12-04,10,"a_2024",21
2024-12-05,3,"a_2024",9
2024-12-05,4,"a_2024",20
2024-12-05,5,"a_2024",141
2024-12-05,6,"a_2024",1716
2024-12-05,7,"a_2024",151
2024-12-05,8,"a_2024",145
2024-12-05,9,"a_2024",331
2024-12-05,10,"a_2024",23
2024-12-06,3,"a_2024",5
2024-12-06,4,"a_2024",11
2024-12-06,5,"a_2024",177
2024-12-06,6,"a_2024",1723
2024-12-06,7,"a_2024",159
2024-12-06,8,"a_2024",186
2024-12-06,9,"a_2024",442
2024-12-06,10,"a_2024",15
2024-12-07,3,"a_2024",5
2024-12-07,4,"a_2024",16
2024-12-07,5,"a_2024",94
2024-12-07,6,"a_2024",859
2024-12-07,7,"a_2024",61
2024-12-07,8,"a_2024",103
2024-12-07,9,"a_2024",178
2024-12-07,10,"a_2024",8
2024-12-08,3,"a_2024",5
2024-12-08,4,"a_2024",9
2024-12-08,5,"a_2024",59
2024-12-08,6,"a_2024",445
2024-12-08,7,"a_2024",86
2024-12-08,8,"a_2024",68
2024-12-08,9,"a_2024",97
2024-12-08,10,"a_2024",5
2024-12-09,3,"a_2024",5
2024-12-09,4,"a_2024",10
2024-12-09,5,"a_2024",188
2024-12-09,6,"a_2024",1552
2024-12-09,7,"a_2024",150
2024-12-09,8,"a_2024",158
2024-12-09,9,"a_2024",416
2024-12-09,10,"a_2024",34
2024-12-10,3,"a_2024",6
2024-12-10,4,"a_2024",19
2024-12-10,5,"a_2024",199
2024-12-10,6,"a_2024",1554
2024-12-10,7,"a_2024",101
2024-12-10,8,"a_2024",131
2024-12-10,9,"a_2024",264
2024-12-10,10,"a_2024",13
2024-12-11,3,"a_2024",5
2024-12-11,4,"a_2024",14
2024-12-11,5,"a_2024",138
2024-12-11,6,"a_2024",1340
2024-12-11,7,"a_2024",118
2024-12-11,8,"a_2024",128
2024-12-11,9,"a_2024",277
2024-12-11,10,"a_2024",17
2024-12-12,3,"a_2024",5
2024-12-12,4,"a_2024",8
2024-12-12,5,"a_2024",126
2024-12-12,6,"a_2024",1296
2024-12-12,7,"a_2024",112
2024-12-12,8,"a_2024",121
2024-12-12,9,"a_2024",216
2024-12-12,10,"a_2024",31
2024-12-13,3,"a_2024",5
2024-12-13,4,"a_2024",13
2024-12-13,5,"a_2024",110
2024-12-13,6,"a_2024",1072
2024-12-13,7,"a_2024",95
2024-12-13,8,"a_2024",104
2024-12-13,9,"a_2024",211
2024-12-13,10,"a_2024",12
2024-12-14,3,"a_2024",5
2024-12-14,4,"a_2024",9
2024-12-14,5,"a_2024",70
2024-12-14,6,"a_2024",757
2024-12-14,7,"a_2024",53
2024-12-14,8,"a_2024",64
2024-12-14,9,"a_2024",144
2024-12-14,10,"a_2024",10
2024-12-15,4,"a_2024",5
2024-12-15,5,"a_2024",12
2024-12-15,6,"a_2024",95
2024-12-15,7,"a_2024",16
2024-12-15,8,"a_2024",29
2024-12-15,9,"a_2024",36
2024-12-15,10,"a_2024",5
2024-12-16,3,"a_2024",5
2024-12-16,4,"a_2024",11
2024-12-16,5,"a_2024",83
2024-12-16,6,"a_2024",874
2024-12-16,7,"a_2024",99
2024-12-16,8,"a_2024",112
2024-12-16,9,"a_2024",199
2024-12-16,10,"a_2024",17
2024-12-17,3,"a_2024",5
2024-12-17,4,"a_2024",11
2024-12-17,5,"a_2024",95
2024-12-17,6,"a_2024",828
2024-12-17,7,"a_2024",72
2024-12-17,8,"a_2024",85
2024-12-17,9,"a_2024",159
2024-12-17,10,"a_2024",12
2024-12-18,3,"a_2024",5
2024-12-18,4,"a_2024",13
2024-12-18,5,"a_2024",60
2024-12-18,6,"a_2024",595
2024-12-18,7,"a_2024",71
2024-12-18,8,"a_2024",83
2024-12-18,9,"a_2024",136
2024-12-18,10,"a_2024",5
2024-12-19,3,"a_2024",5
2024-12-19,4,"a_2024",9
2024-12-19,5,"a_2024",70
2024-12-19,6,"a_2024",612
2024-12-19,7,"a_2024",78
2024-12-19,8,"a_2024",73
2024-12-19,9,"a_2024",165
2024-12-19,10,"a_2024",10
2024-12-20,4,"a_2024",5
2024-12-20,5,"a_2024",67
2024-12-20,6,"a_2024",577
2024-12-20,7,"a_2024",59
2024-12-20,8,"a_2024",86
2024-12-20,9,"a_2024",155
2024-12-20,10,"a_2024",6
2024-12-21,3,"a_2024",5
2024-12-21,4,"a_2024",5
2024-12-21,5,"a_2024",31
2024-12-21,6,"a_2024",282
2024-12-21,7,"a_2024",26
2024-12-21,8,"a_2024",32
2024-12-21,9,"a_2024",37
2024-12-21,10,"a_2024",5
2024-12-22,5,"a_2024",21
2024-12-22,6,"a_2024",205
2024-12-22,7,"a_2024",19
2024-12-22,8,"a_2024",25
2024-12-22,9,"a_2024",35
2024-12-22,10,"a_2024",5
2024-12-23,3,"a_2024",5
2024-12-23,4,"a_2024",5
2024-12-23,5,"a_2024",36
2024-12-23,6,"a_2024",226
2024-12-23,7,"a_2024",33
2024-12-23,8,"a_2024",48
2024-12-23,9,"a_2024",102
2024-12-23,10,"a_2024",10
2024-12-24,4,"a_2024",5
2024-12-24,5,"a_2024",8
2024-12-24,6,"a_2024",66
2024-12-24,7,"a_2024",6
2024-12-24,8,"a_2024",13
2024-12-24,9,"a_2024",15
2024-12-24,10,"a_2024",5
2024-12-27,3,"a_2024",5
2024-12-27,4,"a_2024",5
2024-12-27,5,"a_2024",38
2024-12-27,6,"a_2024",185
2024-12-27,7,"a_2024",20
2024-12-27,8,"a_2024",46
2024-12-27,9,"a_2024",84
2024-12-27,10,"a_2024",10
2024-12-28,5,"a_2024",16
2024-12-28,6,"a_2024",115
2024-12-28,7,"a_2024",18
2024-12-28,8,"a_2024",22
2024-12-28,9,"a_2024",54
2024-12-28,10,"a_2024",9
2024-12-29,5,"a_2024",5
2024-12-29,6,"a_2024",22
2024-12-29,7,"a_2024",5
2024-12-29,8,"a_2024",5
2024-12-29,9,"a_2024",13
2024-12-29,10,"a_2024",5
2024-12-30,3,"a_2024",5
2024-12-30,4,"a_2024",6
2024-12-30,5,"a_2024",28
2024-12-30,6,"a_2024",176
2024-12-30,7,"a_2024",32
2024-12-30,8,"a_2024",50
2024-12-30,9,"a_2024",72
2024-12-30,10,"a_2024",10
2024-12-31,4,"a_2024",5
2024-12-31,5,"a_2024",18
2024-12-31,6,"a_2024",94
2024-12-31,7,"a_2024",9
2024-12-31,8,"a_2024",21
2024-12-31,9,"a_2024",38
2024-12-31,10,"a_2024",5
2025-01-02,4,"a_2024",5
2025-01-02,5,"a_2024",5
2025-01-02,6,"a_2024",65
2025-01-02,7,"a_2024",8
2025-01-02,8,"a_2024",33
2025-01-02,9,"a_2024",44
2025-01-02,10,"a_2024",6
2025-01-03,4,"a_2024",5
2025-01-03,5,"a_2024",40
2025-01-03,6,"a_2024",174
2025-01-03,7,"a_2024",31
2025-01-03,8,"a_2024",49
2025-01-03,9,"a_2024",125
2025-01-03,10,"a_2024",27
2025-01-04,4,"a_2024",5
2025-01-04,5,"a_2024",19
2025-01-04,6,"a_2024",92
2025-01-04,7,"a_2024",14
2025-01-04,8,"a_2024",15
2025-01-04,9,"a_2024",36
2025-01-04,10,"a_2024",34
2025-01-05,3,"a_2024",5
2025-01-05,5,"a_2024",5
2025-01-05,6,"a_2024",41
2025-01-05,7,"a_2024",5
2025-01-05,8,"a_2024",7
2025-01-05,9,"a_2024",17
2025-01-05,10,"a_2024",10
2025-01-06,4,"a_2024",5
2025-01-06,5,"a_2024",26
2025-01-06,6,"a_2024",141
2025-01-06,7,"a_2024",20
2025-01-06,8,"a_2024",43
2025-01-06,9,"a_2024",50
2025-01-06,10,"a_2024",7
2025-01-07,4,"a_2024",5
2025-01-07,5,"a_2024",25
2025-01-07,6,"a_2024",123
2025-01-07,7,"a_2024",33
2025-01-07,8,"a_2024",39
2025-01-07,9,"a_2024",73
2025-01-07,10,"a_2024",5
2025-01-08,4,"a_2024",5
2025-01-08,5,"a_2024",24
2025-01-08,6,"a_2024",114
2025-01-08,7,"a_2024",25
2025-01-08,8,"a_2024",27
2025-01-08,9,"a_2024",33
2025-01-08,10,"a_2024",6
2025-01-09,4,"a_2024",6
2025-01-09,5,"a_2024",18
2025-01-09,6,"a_2024",154
2025-01-09,7,"a_2024",26
2025-01-09,8,"a_2024",35
2025-01-09,9,"a_2024",63
2025-01-10,4,"a_2024",6
2025-01-10,5,"a_2024",44
2025-01-10,6,"a_2024",176
2025-01-10,7,"a_2024",20
2025-01-10,8,"a_2024",31
2025-01-10,9,"a_2024",54
2025-01-10,10,"a_2024",7
2025-01-11,3,"a_2024",5
2025-01-11,4,"a_2024",5
2025-01-11,5,"a_2024",14
2025-01-11,6,"a_2024",73
2025-01-11,7,"a_2024",6
2025-01-11,8,"a_2024",16
2025-01-11,9,"a_2024",34
2025-01-11,10,"a_2024",5
2025-01-12,4,"a_2024",5
2025-01-12,5,"a_2024",5
2025-01-12,6,"a_2024",20
2025-01-12,7,"a_2024",5
2025-01-12,8,"a_2024",5
2025-01-12,9,"a_2024",8
2025-01-13,3,"a_2024",5
2025-01-13,4,"a_2024",6
2025-01-13,5,"a_2024",16
2025-01-13,6,"a_2024",119
2025-01-13,7,"a_2024",10
2025-01-13,8,"a_2024",19
2025-01-13,9,"a_2024",31
2025-01-13,10,"a_2024",5
2025-01-14,3,"a_2024",5
2025-01-14,4,"a_2024",6
2025-01-14,5,"a_2024",35
2025-01-14,6,"a_2024",186
2025-01-14,7,"a_2024",45
2025-01-14,8,"a_2024",71
2025-01-14,9,"a_2024",70
2025-01-14,10,"a_2024",5
2025-01-15,3,"a_2024",5
2025-01-15,4,"a_2024",5
2025-01-15,5,"a_2024",46
2025-01-15,6,"a_2024",167
2025-01-15,7,"a_2024",19
2025-01-15,8,"a_2024",32
2025-01-15,9,"a_2024",51
2025-01-15,10,"a_2024",5
2025-01-16,3,"a_2024",5
2025-01-16,4,"a_2024",5
2025-01-16,5,"a_2024",25
2025-01-16,6,"a_2024",70
2025-01-16,7,"a_2024",22
2025-01-16,8,"a_2024",37
2025-01-16,9,"a_2024",49
2025-01-16,10,"a_2024",5
2025-01-17,3,"a_2024",5
2025-01-17,4,"a_2024",9
2025-01-17,5,"a_2024",47
2025-01-17,6,"a_2024",149
2025-01-17,7,"a_2024",85
2025-01-17,8,"a_2024",66
2025-01-17,9,"a_2024",64
2025-01-17,10,"a_2024",5
2025-01-17,11,"a_2024",5
2025-01-18,4,"a_2024",5
2025-01-18,5,"a_2024",7
2025-01-18,6,"a_2024",46
2025-01-18,7,"a_2024",6
2025-01-18,8,"a_2024",20
2025-01-18,9,"a_2024",28
2025-01-18,10,"a_2024",5
2025-01-19,4,"a_2024",5
2025-01-19,5,"a_2024",12
2025-01-19,6,"a_2024",45
2025-01-19,7,"a_2024",5
2025-01-19,8,"a_2024",12
2025-01-19,9,"a_2024",14
2025-01-19,10,"a_2024",5
2025-01-20,3,"a_2024",5
2025-01-20,4,"a_2024",9
2025-01-20,5,"a_2024",77
2025-01-20,6,"a_2024",164
2025-01-20,7,"a_2024",44
2025-01-20,8,"a_2024",43
2025-01-20,9,"a_2024",37
2025-01-20,10,"a_2024",8
2025-01-21,3,"a_2024",5
2025-01-21,4,"a_2024",11
2025-01-21,5,"a_2024",141
2025-01-21,6,"a_2024",155
2025-01-21,7,"a_2024",33
2025-01-21,8,"a_2024",36
2025-01-21,9,"a_2024",32
2025-01-22,3,"a_2024",5
2025-01-22,4,"a_2024",5
2025-01-22,5,"a_2024",40
2025-01-22,6,"a_2024",88
2025-01-22,7,"a_2024",17
2025-01-22,8,"a_2024",32
2025-01-22,9,"a_2024",29
2025-01-22,10,"a_2024",10
2025-01-23,4,"a_2024",5
2025-01-23,5,"a_2024",19
2025-01-23,6,"a_2024",63
2025-01-23,7,"a_2024",13
2025-01-23,8,"a_2024",20
2025-01-23,9,"a_2024",39
2025-01-23,10,"a_2024",5
2025-01-24,4,"a_2024",5
2025-01-24,5,"a_2024",29
2025-01-24,6,"a_2024",48
2025-01-24,7,"a_2024",16
2025-01-24,8,"a_2024",20
2025-01-24,9,"a_2024",20
2025-01-24,10,"a_2024",5
2025-01-25,5,"a_2024",5
2025-01-25,6,"a_2024",25
2025-01-25,7,"a_2024",5
2025-01-25,8,"a_2024",6
2025-01-25,9,"a_2024",6
2025-01-25,10,"a_2024",7
2025-01-26,3,"a_2024",5
2025-01-26,4,"a_2024",5
2025-01-26,6,"a_2024",11
2025-01-26,7,"a_2024",5
2025-01-26,8,"a_2024",5
2025-01-26,9,"a_2024",5
2025-01-27,4,"a_2024",5
2025-01-27,5,"a_2024",20
2025-01-27,6,"a_2024",74
2025-01-27,7,"a_2024",36
2025-01-27,8,"a_2024",39
2025-01-27,9,"a_2024",35
2025-01-27,10,"a_2024",5
2025-01-28,4,"a_2024",7
2025-01-28,5,"a_2024",31
2025-01-28,6,"a_2024",93
2025-01-28,7,"a_2024",26
2025-01-28,8,"a_2024",25
2025-01-28,9,"a_2024",26
2025-01-28,10,"a_2024",5
2025-01-29,3,"a_2024",5
2025-01-29,4,"a_2024",17
2025-01-29,5,"a_2024",33
2025-01-29,6,"a_2024",70
2025-01-29,7,"a_2024",16
2025-01-29,8,"a_2024",22
2025-01-29,9,"a_2024",33
2025-01-30,4,"a_2024",5
2025-01-30,5,"a_2024",11
2025-01-30,6,"a_2024",47
2025-01-30,7,"a_2024",9
2025-01-30,8,"a_2024",18
2025-01-30,9,"a_2024",21
2025-01-30,10,"a_2024",5
2025-01-31,4,"a_2024",5
2025-01-31,5,"a_2024",30
2025-01-31,6,"a_2024",74
2025-01-31,7,"a_2024",20
2025-01-31,8,"a_2024",15
2025-01-31,9,"a_2024",22
2025-01-31,10,"a_2024",5
2025-04-01,3,"s_2025",5
2025-04-01,4,"s_2025",5
2025-04-01,5,"s_2025",5
2025-04-01,6,"s_2025",17
2025-04-01,7,"s_2025",18
2025-04-01,8,"s_2025",75
2025-04-01,9,"s_2025",214
2025-04-01,10,"s_2025",402
2025-04-01,11,"s_2025",42
2025-04-01,12,"s_2025",5
2025-04-02,3,"s_2025",5
2025-04-02,4,"s_2025",5
2025-04-02,5,"s_2025",7
2025-04-02,6,"s_2025",11
2025-04-02,7,"s_2025",40
2025-04-02,8,"s_2025",67
2025-04-02,9,"s_2025",244
2025-04-02,10,"s_2025",362
2025-04-02,11,"s_2025",32
2025-04-03,3,"s_2025",5
2025-04-03,4,"s_2025",5
2025-04-03,5,"s_2025",7
2025-04-03,6,"s_2025",16
2025-04-03,7,"s_2025",52
2025-04-03,8,"s_2025",79
2025-04-03,9,"s_2025",203
2025-04-03,10,"s_2025",432
2025-04-03,11,"s_2025",34
2025-04-04,4,"s_2025",5
2025-04-04,5,"s_2025",5
2025-04-04,6,"s_2025",16
2025-04-04,7,"s_2025",34
2025-04-04,8,"s_2025",88
2025-04-04,9,"s_2025",310
2025-04-04,10,"s_2025",413
2025-04-04,11,"s_2025",18
2025-04-05,5,"s_2025",5
2025-04-05,6,"s_2025",7
2025-04-05,7,"s_2025",73
2025-04-05,8,"s_2025",158
2025-04-05,9,"s_2025",630
2025-04-05,10,"s_2025",1474
2025-04-05,11,"s_2025",87
2025-04-06,4,"s_2025",5
2025-04-06,7,"s_2025",8
2025-04-06,8,"s_2025",24
2025-04-06,9,"s_2025",30
2025-04-06,10,"s_2025",105
2025-04-06,11,"s_2025",5
2025-04-07,3,"s_2025",5
2025-04-07,4,"s_2025",5
2025-04-07,5,"s_2025",5
2025-04-07,6,"s_2025",10
2025-04-07,7,"s_2025",69
2025-04-07,8,"s_2025",128
2025-04-07,9,"s_2025",307
2025-04-07,10,"s_2025",555
2025-04-07,11,"s_2025",32
2025-04-08,5,"s_2025",5
2025-04-08,6,"s_2025",15
2025-04-08,7,"s_2025",53
2025-04-08,8,"s_2025",74
2025-04-08,9,"s_2025",214
2025-04-08,10,"s_2025",403
2025-04-08,11,"s_2025",17
2025-04-09,3,"s_2025",5
2025-04-09,4,"s_2025",5
2025-04-09,5,"s_2025",10
2025-04-09,6,"s_2025",11
2025-04-09,7,"s_2025",50
2025-04-09,8,"s_2025",91
2025-04-09,9,"s_2025",234
2025-04-09,10,"s_2025",462
2025-04-09,11,"s_2025",31
2025-04-09,12,"s_2025",5
2025-04-10,3,"s_2025",5
2025-04-10,4,"s_2025",5
2025-04-10,5,"s_2025",5
2025-04-10,6,"s_2025",16
2025-04-10,7,"s_2025",109
2025-04-10,8,"s_2025",121
2025-04-10,9,"s_2025",291
2025-04-10,10,"s_2025",569
2025-04-10,11,"s_2025",20
2025-04-11,3,"s_2025",5
2025-04-11,4,"s_2025",5
2025-04-11,5,"s_2025",5
2025-04-11,6,"s_2025",13
2025-04-11,7,"s_2025",82
2025-04-11,8,"s_2025",85
2025-04-11,9,"s_2025",240
2025-04-11,10,"s_2025",524
2025-04-11,11,"s_2025",19
2025-04-11,12,"s_2025",5
2025-04-12,3,"s_2025",5
2025-04-12,4,"s_2025",5
2025-04-12,5,"s_2025",5
2025-04-12,6,"s_2025",8
2025-04-12,7,"s_2025",111
2025-04-12,8,"s_2025",173
2025-04-12,9,"s_2025",566
2025-04-12,10,"s_2025",1220
2025-04-12,11,"s_2025",61
2025-04-12,12,"s_2025",5
2025-04-13,6,"s_2025",5
2025-04-13,7,"s_2025",16
2025-04-13,8,"s_2025",26
2025-04-13,9,"s_2025",41
2025-04-13,10,"s_2025",124
2025-04-13,11,"s_2025",5
2025-04-14,3,"s_2025",5
2025-04-14,4,"s_2025",5
2025-04-14,5,"s_2025",7
2025-04-14,6,"s_2025",27
2025-04-14,7,"s_2025",188
2025-04-14,8,"s_2025",272
2025-04-14,9,"s_2025",435
2025-04-14,10,"s_2025",1623
2025-04-14,11,"s_2025",27
2025-04-15,3,"s_2025",5
2025-04-15,4,"s_2025",6
2025-04-15,5,"s_2025",10
2025-04-15,6,"s_2025",24
2025-04-15,7,"s_2025",254
2025-04-15,8,"s_2025",372
2025-04-15,9,"s_2025",546
2025-04-15,10,"s_2025",2021
2025-04-15,11,"s_2025",24
2025-04-16,4,"s_2025",5
2025-04-16,5,"s_2025",10
2025-04-16,6,"s_2025",32
2025-04-16,7,"s_2025",251
2025-04-16,8,"s_2025",340
2025-04-16,9,"s_2025",585
2025-04-16,10,"s_2025",1855
2025-04-16,11,"s_2025",35
2025-04-17,3,"s_2025",5
2025-04-17,5,"s_2025",10
2025-04-17,6,"s_2025",38
2025-04-17,7,"s_2025",300
2025-04-17,8,"s_2025",355
2025-04-17,9,"s_2025",618
2025-04-17,10,"s_2025",1945
2025-04-17,11,"s_2025",32
2025-04-18,4,"s_2025",5
2025-04-18,5,"s_2025",5
2025-04-18,6,"s_2025",7
2025-04-18,7,"s_2025",112
2025-04-18,8,"s_2025",98
2025-04-18,9,"s_2025",177
2025-04-18,10,"s_2025",549
2025-04-18,11,"s_2025",7
2025-04-19,4,"s_2025",5
2025-04-19,5,"s_2025",5
2025-04-19,6,"s_2025",9
2025-04-19,7,"s_2025",90
2025-04-19,8,"s_2025",94
2025-04-19,9,"s_2025",270
2025-04-19,10,"s_2025",899
2025-04-19,11,"s_2025",21
2025-04-20,3,"s_2025",5
2025-04-20,4,"s_2025",5
2025-04-20,6,"s_2025",5
2025-04-20,7,"s_2025",47
2025-04-20,8,"s_2025",54
2025-04-20,9,"s_2025",89
2025-04-20,10,"s_2025",590
2025-04-20,11,"s_2025",10
2025-04-21,6,"s_2025",5
2025-04-21,7,"s_2025",42
2025-04-21,8,"s_2025",65
2025-04-21,9,"s_2025",73
2025-04-21,10,"s_2025",412
2025-04-21,11,"s_2025",5
2025-04-22,4,"s_2025",5
2025-04-22,5,"s_2025",9
2025-04-22,6,"s_2025",23
2025-04-22,7,"s_2025",205
2025-04-22,8,"s_2025",324
2025-04-22,9,"s_2025",552
2025-04-22,10,"s_2025",1719
2025-04-22,11,"s_2025",33
2025-04-23,3,"s_2025",5
2025-04-23,4,"s_2025",5
2025-04-23,5,"s_2025",6
2025-04-23,6,"s_2025",20
2025-04-23,7,"s_2025",253
2025-04-23,8,"s_2025",285
2025-04-23,9,"s_2025",651
2025-04-23,10,"s_2025",2031
2025-04-23,11,"s_2025",48
2025-04-24,4,"s_2025",5
2025-04-24,5,"s_2025",5
2025-04-24,6,"s_2025",35
2025-04-24,7,"s_2025",270
2025-04-24,8,"s_2025",409
2025-04-24,9,"s_2025",760
2025-04-24,10,"s_2025",2534
2025-04-24,11,"s_2025",54
2025-04-25,3,"s_2025",5
2025-04-25,4,"s_2025",7
2025-04-25,5,"s_2025",8
2025-04-25,6,"s_2025",22
2025-04-25,7,"s_2025",207
2025-04-25,8,"s_2025",314
2025-04-25,9,"s_2025",541
2025-04-25,10,"s_2025",1810
2025-04-25,11,"s_2025",35
2025-04-26,3,"s_2025",5
2025-04-26,4,"s_2025",5
2025-04-26,5,"s_2025",15
2025-04-26,6,"s_2025",47
2025-04-26,7,"s_2025",338
2025-04-26,8,"s_2025",386
2025-04-26,9,"s_2025",506
2025-04-26,10,"s_2025",1224
2025-04-26,11,"s_2025",47
2025-04-27,4,"s_2025",5
2025-04-27,5,"s_2025",5
2025-04-27,6,"s_2025",7
2025-04-27,7,"s_2025",62
2025-04-27,8,"s_2025",108
2025-04-27,9,"s_2025",194
2025-04-27,10,"s_2025",742
2025-04-27,11,"s_2025",11
2025-04-28,3,"s_2025",5
2025-04-28,4,"s_2025",5
2025-04-28,5,"s_2025",5
2025-04-28,6,"s_2025",28
2025-04-28,7,"s_2025",272
2025-04-28,8,"s_2025",393
2025-04-28,9,"s_2025",611
2025-04-28,10,"s_2025",1763
2025-04-28,11,"s_2025",51
2025-04-29,3,"s_2025",5
2025-04-29,4,"s_2025",5
2025-04-29,5,"s_2025",10
2025-04-29,6,"s_2025",38
2025-04-29,7,"s_2025",316
2025-04-29,8,"s_2025",438
2025-04-29,9,"s_2025",708
2025-04-29,10,"s_2025",2242
2025-04-29,11,"s_2025",50
2025-04-30,3,"s_2025",5
2025-04-30,4,"s_2025",5
2025-04-30,5,"s_2025",18
2025-04-30,6,"s_2025",39
2025-04-30,7,"s_2025",338
2025-04-30,8,"s_2025",449
2025-04-30,9,"s_2025",682
2025-04-30,10,"s_2025",2238
2025-04-30,11,"s_2025",43
2025-05-01,4,"s_2025",5
2025-05-01,5,"s_2025",10
2025-05-01,6,"s_2025",28
2025-05-01,7,"s_2025",358
2025-05-01,8,"s_2025",443
2025-05-01,9,"s_2025",734
2025-05-01,10,"s_2025",2191
2025-05-01,11,"s_2025",49
2025-05-02,4,"s_2025",5
2025-05-02,5,"s_2025",14
2025-05-02,6,"s_2025",20
2025-05-02,7,"s_2025",226
2025-05-02,8,"s_2025",309
2025-05-02,9,"s_2025",506
2025-05-02,10,"s_2025",1556
2025-05-02,11,"s_2025",58
2025-05-02,12,"s_2025",5
2025-05-03,3,"s_2025",5
2025-05-03,4,"s_2025",5
2025-05-03,5,"s_2025",5
2025-05-03,6,"s_2025",26
2025-05-03,7,"s_2025",84
2025-05-03,8,"s_2025",161
2025-05-03,9,"s_2025",219
2025-05-03,10,"s_2025",806
2025-05-03,11,"s_2025",24
2025-05-04,3,"s_2025",5
2025-05-04,4,"s_2025",5
2025-05-04,5,"s_2025",5
2025-05-04,6,"s_2025",6
2025-05-04,7,"s_2025",50
2025-05-04,8,"s_2025",73
2025-05-04,9,"s_2025",162
2025-05-04,10,"s_2025",781
2025-05-04,11,"s_2025",19
2025-05-05,4,"s_2025",5
2025-05-05,5,"s_2025",5
2025-05-05,6,"s_2025",5
2025-05-05,7,"s_2025",12
2025-05-05,8,"s_2025",34
2025-05-05,9,"s_2025",43
2025-05-05,10,"s_2025",218
2025-05-05,11,"s_2025",6
2025-05-06,3,"s_2025",5
2025-05-06,4,"s_2025",5
2025-05-06,5,"s_2025",6
2025-05-06,6,"s_2025",23
2025-05-06,7,"s_2025",250
2025-05-06,8,"s_2025",351
2025-05-06,9,"s_2025",463
2025-05-06,10,"s_2025",1297
2025-05-06,11,"s_2025",28
2025-05-07,4,"s_2025",7
2025-05-07,5,"s_2025",11
2025-05-07,6,"s_2025",37
2025-05-07,7,"s_2025",365
2025-05-07,8,"s_2025",410
2025-05-07,9,"s_2025",669
2025-05-07,10,"s_2025",1869
2025-05-07,11,"s_2025",45
2025-05-08,3,"s_2025",5
2025-05-08,4,"s_2025",5
2025-05-08,5,"s_2025",10
2025-05-08,6,"s_2025",29
2025-05-08,7,"s_2025",272
2025-05-08,8,"s_2025",361
2025-05-08,9,"s_2025",502
2025-05-08,10,"s_2025",1599
2025-05-08,11,"s_2025",36
2025-05-09,3,"s_2025",5
2025-05-09,4,"s_2025",5
2025-05-09,5,"s_2025",7
2025-05-09,6,"s_2025",37
2025-05-09,7,"s_2025",247
2025-05-09,8,"s_2025",382
2025-05-09,9,"s_2025",537
2025-05-09,10,"s_2025",1635
2025-05-09,11,"s_2025",29
2025-05-10,4,"s_2025",5
2025-05-10,5,"s_2025",5
2025-05-10,6,"s_2025",14
2025-05-10,7,"s_2025",65
2025-05-10,8,"s_2025",129
2025-05-10,9,"s_2025",202
2025-05-10,10,"s_2025",649
2025-05-10,11,"s_2025",23
2025-05-11,3,"s_2025",5
2025-05-11,5,"s_2025",6
2025-05-11,6,"s_2025",6
2025-05-11,7,"s_2025",66
2025-05-11,8,"s_2025",108
2025-05-11,9,"s_2025",171
2025-05-11,10,"s_2025",510
2025-05-11,11,"s_2025",8
2025-05-12,3,"s_2025",5
2025-05-12,4,"s_2025",5
2025-05-12,5,"s_2025",9
2025-05-12,6,"s_2025",31
2025-05-12,7,"s_2025",316
2025-05-12,8,"s_2025",295
2025-05-12,9,"s_2025",466
2025-05-12,10,"s_2025",1612
2025-05-12,11,"s_2025",49
2025-05-13,3,"s_2025",5
2025-05-13,4,"s_2025",5
2025-05-13,5,"s_2025",12
2025-05-13,6,"s_2025",30
2025-05-13,7,"s_2025",321
2025-05-13,8,"s_2025",291
2025-05-13,9,"s_2025",418
2025-05-13,10,"s_2025",1335
2025-05-13,11,"s_2025",24
2025-05-14,4,"s_2025",8
2025-05-14,5,"s_2025",5
2025-05-14,6,"s_2025",22
2025-05-14,7,"s_2025",265
2025-05-14,8,"s_2025",249
2025-05-14,9,"s_2025",393
2025-05-14,10,"s_2025",1205
2025-05-14,11,"s_2025",41
2025-05-15,4,"s_2025",5
2025-05-15,5,"s_2025",9
2025-05-15,6,"s_2025",42
2025-05-15,7,"s_2025",274
2025-05-15,8,"s_2025",336
2025-05-15,9,"s_2025",567
2025-05-15,10,"s_2025",1353
2025-05-15,11,"s_2025",46
2025-05-16,3,"s_2025",5
2025-05-16,4,"s_2025",5
2025-05-16,5,"s_2025",11
2025-05-16,6,"s_2025",32
2025-05-16,7,"s_2025",222
2025-05-16,8,"s_2025",253
2025-05-16,9,"s_2025",360
2025-05-16,10,"s_2025",1003
2025-05-16,11,"s_2025",37
2025-05-17,4,"s_2025",5
2025-05-17,5,"s_2025",5
2025-05-17,6,"s_2025",15
2025-05-17,7,"s_2025",115
2025-05-17,8,"s_2025",140
2025-05-17,9,"s_2025",218
2025-05-17,10,"s_2025",528
2025-05-17,11,"s_2025",19
2025-05-18,4,"s_2025",5
2025-05-18,5,"s_2025",8
2025-05-18,6,"s_2025",10
2025-05-18,7,"s_2025",119
2025-05-18,8,"s_2025",157
2025-05-18,9,"s_2025",225
2025-05-18,10,"s_2025",565
2025-05-18,11,"s_2025",13
2025-05-19,4,"s_2025",5
2025-05-19,5,"s_2025",5
2025-05-19,6,"s_2025",27
2025-05-19,7,"s_2025",175
2025-05-19,8,"s_2025",247
2025-05-19,9,"s_2025",359
2025-05-19,10,"s_2025",1165
2025-05-19,11,"s_2025",44
2025-05-20,3,"s_2025",5
2025-05-20,4,"s_2025",5
2025-05-20,5,"s_2025",8
2025-05-20,6,"s_2025",35
2025-05-20,7,"s_2025",289
2025-05-20,8,"s_2025",270
2025-05-20,9,"s_2025",434
2025-05-20,10,"s_2025",1104
2025-05-20,11,"s_2025",26
2025-05-21,4,"s_2025",5
2025-05-21,5,"s_2025",9
2025-05-21,6,"s_2025",42
2025-05-21,7,"s_2025",307
2025-05-21,8,"s_2025",380
2025-05-21,9,"s_2025",506
2025-05-21,10,"s_2025",1292
2025-05-21,11,"s_2025",44
2025-05-22,4,"s_2025",5
2025-05-22,5,"s_2025",13
2025-05-22,6,"s_2025",22
2025-05-22,7,"s_2025",229
2025-05-22,8,"s_2025",264
2025-05-22,9,"s_2025",380
2025-05-22,10,"s_2025",1126
2025-05-22,11,"s_2025",37
2025-05-23,3,"s_2025",5
2025-05-23,4,"s_2025",5
2025-05-23,5,"s_2025",10
2025-05-23,6,"s_2025",31
2025-05-23,7,"s_2025",274
2025-05-23,8,"s_2025",230
2025-05-23,9,"s_2025",363
2025-05-23,10,"s_2025",819
2025-05-23,11,"s_2025",35
2025-05-23,12,"s_2025",5
2025-05-24,4,"s_2025",5
2025-05-24,5,"s_2025",5
2025-05-24,6,"s_2025",20
2025-05-24,7,"s_2025",209
2025-05-24,8,"s_2025",156
2025-05-24,9,"s_2025",178
2025-05-24,10,"s_2025",325
2025-05-24,11,"s_2025",14
2025-05-25,3,"s_2025",5
2025-05-25,5,"s_2025",5
2025-05-25,6,"s_2025",13
2025-05-25,7,"s_2025",149
2025-05-25,8,"s_2025",100
2025-05-25,9,"s_2025",87
2025-05-25,10,"s_2025",189
2025-05-25,11,"s_2025",21
2025-05-26,4,"s_2025",5
2025-05-26,5,"s_2025",5
2025-05-26,6,"s_2025",19
2025-05-26,7,"s_2025",115
2025-05-26,8,"s_2025",123
2025-05-26,9,"s_2025",215
2025-05-26,10,"s_2025",753
2025-05-26,11,"s_2025",16
2025-05-27,3,"s_2025",5
2025-05-27,4,"s_2025",5
2025-05-27,5,"s_2025",8
2025-05-27,6,"s_2025",29
2025-05-27,7,"s_2025",171
2025-05-27,8,"s_2025",167
2025-05-27,9,"s_2025",209
2025-05-27,10,"s_2025",629
2025-05-27,11,"s_2025",24
2025-05-28,4,"s_2025",5
2025-05-28,5,"s_2025",10
2025-05-28,6,"s_2025",36
2025-05-28,7,"s_2025",294
2025-05-28,8,"s_2025",268
2025-05-28,9,"s_2025",399
2025-05-28,10,"s_2025",894
2025-05-28,11,"s_2025",45
2025-05-29,3,"s_2025",5
2025-05-29,4,"s_2025",5
2025-05-29,5,"s_2025",15
2025-05-29,6,"s_2025",26
2025-05-29,7,"s_2025",242
2025-05-29,8,"s_2025",234
2025-05-29,9,"s_2025",289
2025-05-29,10,"s_2025",723
2025-05-29,11,"s_2025",44
2025-05-30,3,"s_2025",5
2025-05-30,4,"s_2025",5
2025-05-30,5,"s_2025",11
2025-05-30,6,"s_2025",31
2025-05-30,7,"s_2025",130
2025-05-30,8,"s_2025",172
2025-05-30,9,"s_2025",202
2025-05-30,10,"s_2025",355
2025-05-30,11,"s_2025",30
2025-05-31,4,"s_2025",5
2025-05-31,5,"s_2025",6
2025-05-31,6,"s_2025",17
2025-05-31,7,"s_2025",155
2025-05-31,8,"s_2025",167
2025-05-31,9,"s_2025",138
2025-05-31,10,"s_2025",330
2025-05-31,11,"s_2025",30
2025-06-01,4,"s_2025",5
2025-06-01,5,"s_2025",5
2025-06-01,6,"s_2025",10
2025-06-01,7,"s_2025",95
2025-06-01,8,"s_2025",73
2025-06-01,9,"s_2025",70
2025-06-01,10,"s_2025",143
2025-06-01,11,"s_2025",9
2025-06-02,3,"s_2025",5
2025-06-02,4,"s_2025",5
2025-06-02,5,"s_2025",9
2025-06-02,6,"s_2025",31
2025-06-02,7,"s_2025",117
2025-06-02,8,"s_2025",139
2025-06-02,9,"s_2025",161
2025-06-02,10,"s_2025",539
2025-06-02,11,"s_2025",23
2025-06-03,4,"s_2025",5
2025-06-03,5,"s_2025",6
2025-06-03,6,"s_2025",16
2025-06-03,7,"s_2025",124
2025-06-03,8,"s_2025",92
2025-06-03,9,"s_2025",131
2025-06-03,10,"s_2025",424
2025-06-03,11,"s_2025",12
2025-06-04,4,"s_2025",5
2025-06-04,5,"s_2025",12
2025-06-04,6,"s_2025",18
2025-06-04,7,"s_2025",127
2025-06-04,8,"s_2025",112
2025-06-04,9,"s_2025",193
2025-06-04,10,"s_2025",402
2025-06-04,11,"s_2025",20
2025-06-05,3,"s_2025",5
2025-06-05,4,"s_2025",5
2025-06-05,5,"s_2025",7
2025-06-05,6,"s_2025",16
2025-06-05,7,"s_2025",98
2025-06-05,8,"s_2025",100
2025-06-05,9,"s_2025",187
2025-06-05,10,"s_2025",357
2025-06-05,11,"s_2025",21
2025-06-06,3,"s_2025",5
2025-06-06,4,"s_2025",5
2025-06-06,5,"s_2025",8
2025-06-06,6,"s_2025",13
2025-06-06,7,"s_2025",75
2025-06-06,8,"s_2025",102
2025-06-06,9,"s_2025",115
2025-06-06,10,"s_2025",297
2025-06-06,11,"s_2025",16
2025-06-07,4,"s_2025",5
2025-06-07,5,"s_2025",5
2025-06-07,6,"s_2025",14
2025-06-07,7,"s_2025",117
2025-06-07,8,"s_2025",123
2025-06-07,9,"s_2025",121
2025-06-07,10,"s_2025",236
2025-06-07,11,"s_2025",25
2025-06-07,12,"s_2025",5
2025-06-08,3,"s_2025",5
2025-06-08,5,"s_2025",5
2025-06-08,6,"s_2025",11
2025-06-08,7,"s_2025",59
2025-06-08,8,"s_2025",54
2025-06-08,9,"s_2025",76
2025-06-08,10,"s_2025",224
2025-06-08,11,"s_2025",19
2025-06-09,3,"s_2025",5
2025-06-09,4,"s_2025",5
2025-06-09,5,"s_2025",6
2025-06-09,6,"s_2025",18
2025-06-09,7,"s_2025",102
2025-06-09,8,"s_2025",112
2025-06-09,9,"s_2025",151
2025-06-09,10,"s_2025",456
2025-06-09,11,"s_2025",29
2025-06-10,3,"s_2025",5
2025-06-10,4,"s_2025",5
2025-06-10,5,"s_2025",5
2025-06-10,6,"s_2025",20
2025-06-10,7,"s_2025",50
2025-06-10,8,"s_2025",58
2025-06-10,9,"s_2025",79
2025-06-10,10,"s_2025",253
2025-06-10,11,"s_2025",9
2025-06-11,3,"s_2025",5
2025-06-11,4,"s_2025",5
2025-06-11,5,"s_2025",5
2025-06-11,6,"s_2025",5
2025-06-11,7,"s_2025",55
2025-06-11,8,"s_2025",55
2025-06-11,9,"s_2025",74
2025-06-11,10,"s_2025",231
2025-06-11,11,"s_2025",6
2025-06-12,4,"s_2025",5
2025-06-12,5,"s_2025",10
2025-06-12,6,"s_2025",16
2025-06-12,7,"s_2025",87
2025-06-12,8,"s_2025",92
2025-06-12,9,"s_2025",104
2025-06-12,10,"s_2025",298
2025-06-12,11,"s_2025",13
2025-06-13,3,"s_2025",5
2025-06-13,4,"s_2025",5
2025-06-13,5,"s_2025",5
2025-06-13,6,"s_2025",11
2025-06-13,7,"s_2025",60
2025-06-13,8,"s_2025",70
2025-06-13,9,"s_2025",89
2025-06-13,10,"s_2025",213
2025-06-13,11,"s_2025",10
2025-06-14,4,"s_2025",5
2025-06-14,5,"s_2025",5
2025-06-14,6,"s_2025",10
2025-06-14,7,"s_2025",84
2025-06-14,8,"s_2025",63
2025-06-14,9,"s_2025",72
2025-06-14,10,"s_2025",176
2025-06-14,11,"s_2025",13
2025-06-15,6,"s_2025",5
2025-06-15,7,"s_2025",41
2025-06-15,8,"s_2025",45
2025-06-15,9,"s_2025",41
2025-06-15,10,"s_2025",106
2025-06-15,11,"s_2025",8
2025-06-16,3,"s_2025",5
2025-06-16,4,"s_2025",5
2025-06-16,5,"s_2025",5
2025-06-16,6,"s_2025",13
2025-06-16,7,"s_2025",51
2025-06-16,8,"s_2025",49
2025-06-16,9,"s_2025",61
2025-06-16,10,"s_2025",177
2025-06-16,11,"s_2025",9
2025-06-17,4,"s_2025",5
2025-06-17,5,"s_2025",5
2025-06-17,6,"s_2025",7
2025-06-17,7,"s_2025",37
2025-06-17,8,"s_2025",30
2025-06-17,9,"s_2025",48
2025-06-17,10,"s_2025",106
2025-06-17,11,"s_2025",11
